"Date","US IPI - SA","CA IPI - SA","UK IPI - SA","GR IPI - SA"
1968-01-01,36.3399,35.9955144864822,56.4556066501592,38.3329825303327
1968-02-01,36.4701,35.8545417270412,57.0923240183941,39.1971721525946
1968-03-01,36.5839,36.0570725914381,57.4106827025115,39.6909947938871
1968-04-01,36.6369,36.9912520773342,57.6229218252564,39.8144504542103
1968-05-01,37.0478,37.4597515478767,57.7290413866289,40.8638235669569
1968-06-01,37.1839,37.7543846151085,57.8351609480014,41.5428296987341
1968-07-01,37.1269,37.6044835809028,58.1535196321188,40.98727922728
1968-08-01,37.2305,38.1096359689,58.2596391934913,43.7650315845505
1968-09-01,37.3715,38.5236259724586,58.3657587548638,43.0860254527733
1968-10-01,37.4457,38.7693884830841,58.3657587548638,43.2094811130964
1968-11-01,37.9301,39.2444666824005,58.4718783162363,44.690949036974
1968-12-01,38.0499,39.1885474878222,58.5779978776088,44.4440377163277
1969-01-01,38.2801,39.331869793254,58.8963565617262,44.9378603576203
1969-02-01,38.525,39.8741450079039,59.3208348072161,45.1847716782665
1969-03-01,38.8271,40.5592726187875,59.745313052706,45.6785943195591
1969-04-01,38.6842,40.1762966223059,60.169791298196,45.9872334703669
1969-05-01,38.538,40.1419932508419,60.4881499823134,46.542783941821
1969-06-01,38.9145,40.2030814465997,60.3820304209409,47.0366065831135
1969-07-01,39.12,40.547524888834,60.169791298196,46.9131509227904
1969-08-01,39.2099,39.8060081741741,59.8514326140785,48.2094353561833
1969-09-01,39.2011,39.9300642024822,59.745313052706,47.7773405450523
1969-10-01,39.2125,39.617104676523,59.745313052706,48.394618846668
1969-11-01,38.8429,40.0973518770189,59.745313052706,49.1353528086068
1969-12-01,38.7387,40.4605916871787,59.745313052706,48.7649858276374
1970-01-01,38.0213,40.2044911741941,59.745313052706,48.8884414879605
1970-02-01,37.9963,40.574779622326,59.8514326140785,49.5674476197378
1970-03-01,37.9469,39.8999900138014,59.957552175451,49.7526311102224
1970-04-01,37.8494,39.3243512460838,59.957552175451,50.246453751515
1970-05-01,37.8053,39.4089349017484,60.0636717368235,50.6168207324844
1970-06-01,37.683,39.2909876930161,60.0636717368235,50.1229980911918
1970-07-01,37.7755,39.3050849689602,60.0636717368235,50.7402763928075
1970-08-01,37.7081,39.613345402938,60.0636717368235,49.9378146007072
1970-09-01,37.4482,39.084697555034,60.2759108595684,49.6909032800609
1970-10-01,36.6991,39.071070188288,60.4881499823134,50.0612702610303
1970-11-01,36.4768,39.5268821104808,60.5942695436859,49.6291754498993
1970-12-01,37.3145,39.7905011706356,60.2759108595684,50.4933650721612
1971-01-01,37.6015,40.1650188015506,59.957552175451,51.4192825245847
1971-02-01,37.5299,40.4220591329315,59.745313052706,50.8637320531306
1971-03-01,37.4892,40.5757194407223,59.745313052706,50.6168207324844
1971-04-01,37.6998,40.6419766376596,59.957552175451,50.9871877134538
1971-05-01,37.8911,41.2162056777828,60.0636717368235,50.246453751515
1971-06-01,38.05,41.4878131943059,59.8514326140785,50.8020042229691
1971-07-01,37.9395,41.6193877697842,59.5330739299611,51.6044660150694
1971-08-01,37.7193,42.7711352144177,59.5330739299611,49.4439919594146
1971-09-01,38.3324,43.0389834573557,60.0636717368235,50.6168207324844
1971-10-01,38.6193,43.228826773403,60.3820304209409,50.7402763928075
1971-11-01,38.7832,42.9440617993321,59.957552175451,49.9995424308687
1971-12-01,39.2309,43.5488349373342,58.4718783162363,49.1353528086068
1972-01-01,40.1688,43.8119840882909,56.7739653342766,51.0489155436153
1972-02-01,40.5837,43.2715885104335,56.1372479660417,51.4192825245847
1972-03-01,40.8655,43.7734515340436,57.4106827025115,51.9748329960388
1972-04-01,41.2656,44.9106317935349,59.6391934913336,51.9748329960388
1972-05-01,41.2706,44.5910935388018,61.5493455960382,51.666193845231
1972-06-01,41.3786,45.0440860058057,62.0799434029006,51.9748329960388
1972-07-01,41.3347,45.244267324212,61.7615847187832,52.2217443166851
1972-08-01,41.9046,45.3274412522823,61.5493455960382,51.9748329960388
1972-09-01,42.2284,46.4462950530462,61.8677042801556,52.0365608262004
1972-10-01,42.7745,47.3222057983733,62.7166607711355,52.7155669579776
1972-11-01,43.2795,47.9001941120816,63.8839759462328,53.6414844104011
1972-12-01,43.7695,48.1525353514811,64.8390519985851,54.3204905421784
1973-01-01,44.0847,48.5735739930118,65.6880084895649,54.8143131834709
1973-02-01,44.7242,50.0152554128957,66.2186062964273,55.3081358247634
1973-03-01,44.7435,50.6200285508978,66.4308454191723,55.6785028057328
1973-04-01,44.6782,50.2262446428591,66.4308454191723,55.369863654925
1973-05-01,44.9741,50.3479511251766,66.2186062964273,55.7402306358944
1973-06-01,45.0257,50.7219988468935,66.1124867350548,55.369863654925
1973-07-01,45.1952,51.6604075155728,66.1124867350548,53.3945730897549
1973-08-01,45.1308,50.2422215555958,66.5369649805447,56.35750893751
1973-09-01,45.4862,50.7398553964227,67.2798019101521,56.1105976168638
1973-10-01,45.8531,51.290119067441,67.5981605942696,55.7402306358944
1973-11-01,46.0654,51.9141584825667,66.8553236646622,56.0488697867022
1973-12-01,45.9344,51.7482805356244,64.5206933144676,55.4933193152481
1974-01-01,45.6298,52.4681814271701,61.9738238415281,55.6785028057328
1974-02-01,45.4951,52.4695911547645,60.9126282278033,55.4933193152481
1974-03-01,45.4952,52.7050156630311,62.1860629642731,55.1846801644403
1974-04-01,45.3625,51.7727158139275,65.05129112133,55.3081358247634
1974-05-01,45.7241,52.3995746842421,67.4920410328971,55.9254141263791
1974-06-01,45.639,51.6820233386871,68.4471170852494,55.2464079946018
1974-07-01,45.7193,51.4301520084858,68.0226388397594,55.1846801644403
1974-08-01,45.2357,51.3718832679168,66.9614432260347,53.8266679008858
1974-09-01,45.2421,50.7121307537326,65.9002476123099,53.950123561209
1974-10-01,45.1011,50.6402346464177,64.9451715599576,53.7649400707242
1974-11-01,43.6158,49.7286108020322,64.3084541917227,53.3945730897549
1974-12-01,42.0553,49.6125432300924,64.0962150689777,50.7402763928075
1975-01-01,41.475,47.9302683007624,63.9900955076052,51.0489155436153
1975-02-01,40.529,47.9626920354338,63.6717368234878,50.8020042229691
1975-03-01,40.0796,47.139411120298,62.9288998938804,51.3575546944232
1975-04-01,40.1527,47.5703178549895,61.9738238415281,50.6785485626459
1975-05-01,40.0399,46.4575728738014,61.0187477891758,50.4933650721612
1975-06-01,40.2987,47.1041679304378,60.2759108595684,50.3699094118381
1975-07-01,40.7094,47.7559319882536,59.957552175451,49.1353528086068
1975-08-01,41.1098,47.3931620872919,60.0636717368235,51.0489155436153
1975-09-01,41.638,47.6252972311715,60.3820304209409,50.9871877134538
1975-10-01,41.8171,47.1699552181769,60.9126282278033,51.9748329960388
1975-11-01,41.8764,48.2385287347402,61.3371064732932,52.7155669579776
1975-12-01,42.4484,49.1337057571909,61.5493455960382,52.6538391278161
1976-01-01,43.0149,49.068858287848,61.6554651574107,53.3328452595933
1976-02-01,43.4515,49.3893363609774,61.9738238415281,54.3822183723399
1976-03-01,43.5359,50.1581078091293,62.5044216483905,54.3204905421784
1976-04-01,43.7593,50.7774481322737,63.0350194552529,54.6291296929862
1976-05-01,43.9359,51.4437793752317,63.3533781393704,54.937768843794
1976-06-01,43.9918,50.7144802997233,63.1411390166254,55.5550471454097
1976-07-01,44.2254,50.747843852791,62.822780332508,53.518028750078
1976-08-01,44.5365,51.2680333351286,62.822780332508,55.2464079946018
1976-09-01,44.6775,51.3963185462199,63.5656172621153,55.8019584660559
1976-10-01,44.6695,50.5251068928742,64.6268128758401,55.8019584660559
1976-11-01,45.354,51.5363514872647,65.7941280509374,55.8636862962175
1976-12-01,45.8357,51.6890719766592,66.6430845419172,55.9254141263791
1977-01-01,45.5276,52.6580247432174,67.1736823487796,56.2340532771869
1977-02-01,46.2567,51.9743068599283,67.3859214715246,56.0488697867022
1977-03-01,46.8356,52.0612400615836,67.2798019101521,56.6661480883179
1977-04-01,47.2898,51.6928312502443,67.1736823487796,56.0488697867022
1977-05-01,47.6607,52.3102919365961,66.8553236646622,55.5550471454097
1977-06-01,48.0196,52.8436388764815,66.6430845419172,56.5426924279948
1977-07-01,48.0819,52.5419571712776,66.4308454191723,54.1353070516936
1977-08-01,48.1315,52.6880989318982,66.4308454191723,56.4809645978332
1977-09-01,48.3308,52.4601929708018,66.5369649805447,56.6044202581563
1977-10-01,48.4014,52.8182637797821,66.6430845419172,56.35750893751
1977-11-01,48.4924,52.9766231795542,66.7492041032897,56.4192367676716
1977-12-01,48.564,53.1114871194195,66.5369649805447,57.5303377105798
1978-01-01,47.8693,53.2115777786226,66.4308454191723,57.7155212010645
1978-02-01,48.1283,53.6067714142557,66.7492041032897,56.0488697867022
1978-03-01,49.0553,53.4122290062271,67.3859214715246,54.8760410136324
1978-04-01,50.026,54.4117258706642,68.3409975238769,55.9871419565406
1978-05-01,50.2717,53.7580821760558,69.0838344534842,55.9254141263791
1978-06-01,50.5939,54.8388733317706,69.4021931376017,55.6167749755712
1978-07-01,50.5499,54.0273401465882,69.5083126989742,57.0982428994488
1978-08-01,50.7622,54.2867300239598,69.5083126989742,57.6537933709029
1978-09-01,50.8856,55.650406516953,69.5083126989742,58.5797108233264
1978-10-01,51.2821,55.8364905594152,69.6144322603466,57.5920655407414
1978-11-01,51.6737,56.3684277717061,69.5083126989742,58.0241603518723
1978-12-01,51.9404,57.2480977906183,69.0838344534842,59.8759952567193
1979-01-01,51.6507,57.1597548613686,68.8715953307393,58.2710716725186
1979-02-01,51.9097,57.250447336609,69.2960735762292,58.0858881820339
1979-03-01,52.0667,57.1259213991027,70.6756278740714,58.3327995026802
1979-04-01,51.4548,56.7598621337541,72.3735408560311,59.6908117662346
1979-05-01,51.9061,57.7274051727179,73.4347364697559,59.5673561059115
1979-06-01,51.9067,57.3411398118494,73.1163777856385,60.7401848789812
1979-07-01,51.8258,57.975047320136,72.0551821719137,61.0488240297891
1979-08-01,51.49,57.9477925866441,71.1001061195614,60.1846344075272
1979-09-01,51.4847,57.8284356503174,70.8878669968164,60.3080900678503
1979-10-01,51.8421,57.741502448662,71.2062256809338,59.6290839360731
1979-11-01,51.7591,57.2551464285904,71.5245843650513,61.1722796901122
1979-12-01,51.7974,56.5112801679397,71.4184648036788,62.0981971425357
1980-01-01,52.0677,57.2715932505252,71.1001061195614,61.7278301615663
1980-02-01,52.0899,56.2504805629738,70.357269189954,61.6661023314047
1980-03-01,51.8687,56.903654348384,69.5083126989742,61.1105518599506
1980-04-01,50.8454,55.6395986053958,68.5532366466218,60.493273558335
1980-05-01,49.5947,54.2679336560343,67.5981605942696,60.4315457281734
1980-06-01,48.9621,53.9253698505925,66.6430845419172,59.8759952567193
1980-07-01,48.609,54.4093763246735,65.9002476123099,60.1846344075272
1980-08-01,48.7646,54.1565651760759,65.1574106827025,60.3080900678503
1980-09-01,49.5764,55.403234278733,64.5206933144676,58.209343842357
1980-10-01,50.2058,56.0441904249917,63.9900955076052,58.5179829931648
1980-11-01,51.0418,56.1532093589594,63.6717368234878,59.5056282757499
1980-12-01,51.3906,56.601502733982,63.4594977007428,58.641438653488
1981-01-01,51.0656,55.9812225924413,63.5656172621153,58.3945273328417
1981-02-01,50.8554,56.320027124298,63.5656172621153,59.5056282757499
1981-03-01,51.1107,56.1987905511787,63.6717368234878,59.2587169551036
1981-04-01,50.8864,57.3721538189264,63.8839759462328,58.7031664836496
1981-05-01,51.1788,56.4802661608627,63.9900955076052,59.073533464619
1981-06-01,51.4496,56.82142023871,64.2023346303502,58.3945273328417
1981-07-01,51.7764,56.8773394332883,64.5206933144676,58.8883499741342
1981-08-01,51.7129,54.7359632173786,64.9451715599576,58.9500778042958
1981-09-01,51.4605,56.0874220712203,65.3696498054475,59.1352612947805
1981-10-01,51.0625,55.269310157264,65.7941280509374,59.4439004455884
1981-11-01,50.473,54.2341001937685,65.7941280509374,58.9500778042958
1981-12-01,49.9364,54.5564579036903,65.5818889281924,58.4562551630033
1982-01-01,48.9114,53.7768785439813,65.1574106827025,58.7031664836496
1982-02-01,49.9102,53.8497144696925,64.9451715599576,58.2710716725186
1982-03-01,49.5691,53.1965406842822,65.1574106827025,58.8266221439727
1982-04-01,49.1146,51.715856800953,65.7941280509374,58.7031664836496
1982-05-01,48.7805,52.1195088021525,66.3247258577998,58.7031664836496
1982-06-01,48.6606,51.2168132325316,66.6430845419172,57.2834263899335
1982-07-01,48.4863,50.1938209081877,66.5369649805447,55.369863654925
1982-08-01,48.0569,51.1411578516316,66.3247258577998,56.5426924279948
1982-09-01,47.9303,50.5363847136294,65.9002476123099,56.2957811073485
1982-10-01,47.4738,49.5895176793837,65.47576936682,55.6785028057328
1982-11-01,47.32,50.4099791393306,65.47576936682,54.9994966739556
1982-12-01,46.9813,50.0528481487466,65.9002476123099,55.2464079946018
1983-01-01,47.8523,50.9771595414818,66.5369649805447,56.1105976168638
1983-02-01,47.5667,51.0218009153048,67.1736823487796,55.6167749755712
1983-03-01,47.9599,51.3681239943317,67.4920410328971,56.6044202581563
1983-04-01,48.5564,52.2087915497986,67.5981605942696,57.1599707296104
1983-05-01,48.8647,52.5391377160888,67.704280155642,56.789603748641
1983-06-01,49.1558,54.1546855392833,67.916519278387,58.7031664836496
1983-07-01,49.8873,54.1528059024908,68.2348779625044,56.0488697867022
1983-08-01,50.4843,55.5244708518523,68.5532366466218,56.6044202581563
1983-09-01,51.216,56.6489635629938,68.8715953307393,58.0858881820339
1983-10-01,51.6139,56.1442810841948,69.0838344534842,57.9007046915492
1983-11-01,51.842,56.9013048023933,69.5083126989742,58.641438653488
1983-12-01,52.0948,58.6263414687538,69.9327909444641,59.8142674265577
1984-01-01,53.1348,58.2541733838294,70.2511496285815,59.073533464619
1984-02-01,53.3763,58.05728142981,70.2511496285815,59.6290839360731
1984-03-01,53.6314,58.8885508013141,69.5083126989742,58.7031664836496
1984-04-01,53.9491,60.6530598403181,68.5532366466218,58.2710716725186
1984-05-01,54.2396,61.3983358285631,67.704280155642,58.7031664836496
1984-06-01,54.4288,61.408203921724,67.1736823487796,53.1476617691086
1984-07-01,54.5865,62.3085499453542,67.0675627874071,59.6908117662346
1984-08-01,54.653,62.3715177779046,67.1736823487796,59.073533464619
1984-09-01,54.4949,61.3236202660594,67.2798019101521,60.3080900678503
1984-10-01,54.4772,62.5759282790941,67.5981605942696,60.061178747204
1984-11-01,54.6594,62.3771566882822,67.916519278387,60.5550013884965
1984-12-01,54.6892,62.455161615173,68.5532366466218,60.925368369466
1985-01-01,54.6505,62.9786404618974,69.2960735762292,60.925368369466
1985-02-01,54.8169,63.7619790951916,70.357269189954,60.9870961996275
1985-03-01,54.8978,64.0824571683209,71.6307039264238,61.5426466710816
1985-04-01,54.7833,63.5932816930604,72.6918995401486,60.8636405393044
1985-05-01,54.8704,64.0453343416681,73.4347364697559,61.6043745012432
1985-06-01,54.8401,63.9720285067588,73.4347364697559,62.345108463182
1985-07-01,54.5582,64.1543532756359,72.9041386628935,62.9623867647976
1985-08-01,54.7381,64.347016046872,72.3735408560311,61.3574631805969
1985-09-01,54.9416,64.5871396471199,72.0551821719137,62.0981971425357
1985-10-01,54.7538,65.1740562355929,71.9490626105412,62.8389311044745
1985-11-01,54.939,65.2553505268706,71.8429430491687,64.0117598775442
1985-12-01,55.4945,65.3328855445631,71.9490626105412,61.6043745012432
1986-01-01,55.7802,65.689546625949,72.0551821719137,62.8389311044745
1986-02-01,55.3994,65.2957627179103,72.3735408560311,63.0858424251208
1986-03-01,55.0001,64.1510639112489,72.798019101521,63.2092980854439
1986-04-01,55.0641,64.680181668351,73.3286169083834,63.5179372362517
1986-05-01,55.1705,63.324023722528,73.5408560311284,62.9006589346361
1986-06-01,54.9588,63.0810806670913,73.6469755925009,63.2092980854439
1986-07-01,55.2944,63.5387722260766,73.5408560311284,64.1352155378674
1986-08-01,55.2029,62.9678325503403,73.6469755925009,63.0241145949592
1986-09-01,55.3511,63.251657706015,74.1775733993633,62.6537476139898
1986-10-01,55.5857,63.1774120527093,74.8142907675982,62.8389311044745
1986-11-01,55.803,63.0416082944478,75.2387690130881,63.5179372362517
1986-12-01,56.3441,64.1571727308247,75.451008135833,62.7154754441514
1987-01-01,56.1259,64.8206845185939,75.3448885744606,61.7278301615663
1987-02-01,56.8779,64.9611873688369,75.2387690130881,62.9623867647976
1987-03-01,56.9516,65.3883348299433,75.3448885744606,62.5920197838282
1987-04-01,57.3177,65.078194759173,75.5571276972055,63.4562094060902
1987-05-01,57.6774,65.1209564962034,75.9816059426954,64.3821268585136
1987-06-01,57.9875,65.8845589431758,76.5122037495578,63.2092980854439
1987-07-01,58.379,66.6007005611364,77.0428015564202,62.4685641235051
1987-08-01,58.8171,67.3530251873535,77.4672798019102,63.8265763870596
1987-09-01,59.0391,67.7233136354854,77.6795189246551,63.0241145949592
1987-10-01,59.834,68.4145500659447,77.8917580474001,64.0117598775442
1987-11-01,60.1367,68.9732721025295,78.103997170145,64.3821268585136
1987-12-01,60.4739,69.6621589869981,78.4223558542625,64.4438546886752
1988-01-01,60.4594,70.2227606603754,78.8468340997524,64.1352155378674
1988-02-01,60.7643,70.4328100719426,79.1651927838698,64.6290381791599
1988-03-01,60.8948,71.0225461156043,79.1651927838698,64.3203990283521
1988-04-01,61.2475,70.8947308137111,79.1651927838698,64.7524938394831
1988-05-01,61.1353,71.4083415672747,79.4835514679873,64.7524938394831
1988-06-01,61.2995,71.0211363880099,80.1202688362221,65.9253226125528
1988-07-01,61.311,70.6076162936495,80.8631057658295,64.3821268585136
1988-08-01,61.6234,70.6423895743116,81.4998231340644,67.036423555461
1988-09-01,61.4255,71.1113589540522,81.7120622568093,66.2339617633606
1988-10-01,61.694,70.4769815365674,81.7120622568093,66.4808730840069
1988-11-01,61.8494,70.0160006131952,81.7120622568093,66.7895122348148
1988-12-01,62.1171,70.9741454681962,81.7120622568093,68.2709801586923
1989-01-01,62.3103,70.7382510507315,81.7120622568093,67.2833348761073
1989-02-01,62.0353,71.4652005802493,81.8181818181818,67.036423555461
1989-03-01,62.195,71.0620184882478,81.8181818181818,67.5302461967535
1989-04-01,62.1753,71.4896358585524,81.8181818181818,69.5672645920852
1989-05-01,61.8321,70.8035684292726,81.8181818181818,66.2339617633606
1989-06-01,61.8246,70.2655223974058,81.8181818181818,68.888258460308
1989-07-01,61.2285,69.7035109964341,81.9243013795543,69.2586254412774
1989-08-01,61.8334,69.823337841959,82.2426600636717,69.0734419507927
1989-09-01,61.6221,70.0117714304119,82.4548991864167,69.4438089317621
1989-10-01,61.5537,69.1654649645674,82.7732578705341,69.6289924222468
1989-11-01,61.7575,69.8754977629522,82.6671383091616,69.9376315730546
1989-12-01,62.1111,70.6433293927079,82.2426600636717,71.1104603461244
1990-01-01,61.7781,69.0550363030052,81.7120622568093,70.9870046858012
1990-02-01,62.3426,69.41451683958,81.6059426954369,70.6783655349934
1990-03-01,62.6446,69.7533213714366,82.1365405022992,71.3573716667706
1990-04-01,62.5104,69.2185647039569,82.8793774319066,70.1228150635393
1990-05-01,62.6898,69.3656462829737,83.3038556773965,71.9129221382248
1990-06-01,62.8923,69.4680864881676,82.9854969932791,71.9129221382248
1990-07-01,62.7933,69.5315242299161,82.2426600636717,72.591928270002
1990-08-01,63.0241,68.4742285341081,81.4998231340644,73.0240230811329
1990-09-01,63.0328,67.2783096248498,81.0753448885745,73.7030292129102
1990-10-01,62.6466,67.3102634503231,80.969225327202,73.8264848732333
1990-11-01,61.8681,66.5447813665581,80.8631057658295,73.8264848732333
1990-12-01,61.4345,66.0114344266728,80.6508666430846,74.1351240240411
1991-01-01,61.2241,66.348829230935,80.2263883975946,76.4063671972664
1991-02-01,60.779,65.1961419679053,79.9080297134772,75.5062921910159
1991-03-01,60.4377,65.2412532509264,79.5896710293597,75.0062505208767
1991-04-01,60.5982,65.277436259183,79.3774319066148,74.4062005167097
1991-05-01,61.2041,65.7666117344435,79.0590732224974,73.2061005083757
1991-06-01,61.6923,66.1058861754983,78.7407145383799,76.4063671972664
1991-07-01,61.8569,66.2882109443754,78.31623629289,74.206183848654
1991-08-01,61.8681,66.2012777427201,78.2101167315175,73.00608384032
1991-09-01,62.3855,66.4705357132525,78.4223558542625,72.8060671722644
1991-10-01,62.3229,66.1820114655965,78.8468340997524,73.9061588465706
1991-11-01,62.2427,65.8460263889286,79.2713123452423,74.7062255187932
1991-12-01,61.9705,65.1491510480916,79.3774319066148,74.8062338528211
1992-01-01,61.6471,66.0654739844585,79.3774319066148,75.7063088590716
1992-02-01,62.0794,66.0001566059175,79.1651927838698,77.0064172014334
1992-03-01,62.5955,65.9451772297355,78.9529536611249,74.8062338528211
1992-04-01,63.0726,66.5466610033507,78.7407145383799,74.7062255187932
1992-05-01,63.2761,66.2012777427201,78.6345949770074,74.206183848654
1992-06-01,63.3102,66.4376420693829,78.8468340997524,73.00608384032
1992-07-01,63.8769,65.7769497368025,79.2713123452423,71.7059754979582
1992-08-01,63.5221,66.2247732026269,79.5896710293597,71.9059921660138
1992-09-01,63.7217,66.5936519231644,79.8019101521047,71.3059421618468
1992-10-01,64.1556,67.3939072875914,79.9080297134772,71.205933827819
1992-11-01,64.4144,67.5720028736853,80.0141492748497,70.1058421535128
1992-12-01,64.5161,67.7308321826556,80.1202688362221,68.9057421451788
1993-01-01,64.7738,67.8567678477563,80.1202688362221,68.1056754729561
1993-02-01,65.0805,68.8440470730418,80.2263883975946,67.1055921326777
1993-03-01,65.0176,69.5479710518508,80.2263883975946,67.2056004667056
1993-04-01,65.2041,69.235951344288,80.2263883975946,66.7055587965664
1993-05-01,64.9433,68.8736513525244,80.3325079589671,66.7055587965664
1993-06-01,65.0984,69.2650857145724,80.6508666430846,66.2055171264272
1993-07-01,65.2554,68.813972884361,80.969225327202,64.7053921160097
1993-08-01,65.1946,69.7472125518609,81.3937035726919,67.5056254687891
1993-09-01,65.5282,70.6522576674725,81.8181818181818,67.2056004667056
1993-10-01,66.0152,70.6710540353979,82.1365405022992,67.2056004667056
1993-11-01,66.3292,70.8721751722005,82.4548991864167,66.6055504625385
1993-12-01,66.7038,70.2415570283009,82.6671383091616,67.4056171347612
1994-01-01,66.9164,70.9713260130074,82.9854969932791,67.1055921326777
1994-02-01,66.9642,71.1668082394324,83.5160948001415,68.1056754729561
1994-03-01,67.6335,72.1550272831142,84.2589317297489,67.8056504708726
1994-04-01,68.0334,72.6606495803094,85.0017686593562,68.6057171430952
1994-05-01,68.3531,73.3570550119483,85.5323664662186,68.3056921410118
1994-06-01,68.8002,74.3095609565717,85.6384860275911,68.8057338111509
1994-07-01,68.8863,74.2921743162406,85.7446055889636,68.5057088090674
1994-08-01,69.3412,74.9401791004714,85.850725150336,68.5057088090674
1994-09-01,69.5574,75.5938227950798,86.3813229571984,69.5057921493458
1994-10-01,70.119,75.3400718280859,87.0180403254333,70.8059004917076
1994-11-01,70.5942,76.2319594861496,87.2302794481783,71.205933827819
1994-12-01,71.2814,77.4255288494173,86.9119207640608,71.205933827819
1995-01-01,71.4303,78.251971922773,86.3813229571984,69.8058171514293
1995-02-01,71.3343,78.2617502956165,86.062964273081,70.8059004917076
1995-03-01,71.4451,77.7040208815817,86.1690838344535,70.005833819485
1995-04-01,71.3289,77.5374263812856,86.5935620799434,70.4058671555963
1995-05-01,71.66,77.4591993985379,87.0180403254333,70.8059004917076
1995-06-01,71.8967,77.3172319113291,87.2302794481783,70.005833819485
1995-07-01,71.5924,77.0727725902424,87.3363990095508,69.8058171514293
1995-08-01,72.5339,77.2437130340245,87.2302794481783,69.0057504792066
1995-09-01,72.8247,76.9992537129378,87.2302794481783,70.4058671555963
1995-10-01,72.713,76.960140221564,87.3363990095508,68.6057171430952
1995-11-01,72.8884,77.1557076784333,87.5486381322957,69.0057504792066
1995-12-01,73.1429,76.7935457212679,87.8669968164132,69.0057504792066
1996-01-01,72.7471,77.542496648686,88.1853555005306,69.3057754812901
1996-02-01,73.7871,77.522939902999,88.2914750619031,68.7057254771231
1996-03-01,73.6749,77.0336590988686,88.0792359391581,68.8057338111509
1996-04-01,74.4153,77.4247940126072,87.7608772550407,68.8057338111509
1996-05-01,74.9718,77.816291088303,87.4425185709232,69.405783815318
1996-06-01,75.5317,78.0071504397292,87.4425185709232,69.8058171514293
1996-07-01,75.5323,78.7999229639642,87.6547576936682,69.0057504792066
1996-08-01,75.9129,79.0690092981382,87.9731163777856,69.9058254854571
1996-09-01,76.4032,79.0494525524512,88.3975946232756,70.5058754896241
1996-10-01,76.3931,78.7999229639642,88.715953307393,69.5057921493458
1996-11-01,77.0672,80.0330844281125,88.928192430138,70.5058754896241
1996-12-01,77.5543,78.6970689681293,89.1404315528829,70.5058754896241
1997-01-01,77.6945,80.6358667590539,89.0343119915104,69.6058004833736
1997-02-01,78.612,81.5238008609135,89.5649097983728,70.605883823652
1997-03-01,79.1021,81.0347549018296,88.8220728687655,71.4059504958746
1997-04-01,79.1683,82.1516952077241,88.928192430138,71.1059254937911
1997-05-01,79.6084,82.2846579219827,88.928192430138,70.2058504875406
1997-06-01,79.9802,81.5901484527367,89.1404315528829,73.00608384032
1997-07-01,80.6492,83.6132149421198,90.7322249734701,73.8061505125427
1997-08-01,81.4548,83.4288863503206,89.7771489211178,71.4059504958746
1997-09-01,82.212,83.292980799328,90.5199858507252,72.0060005000417
1997-10-01,82.9309,84.2683974113738,91.5811814644499,73.00608384032
1997-11-01,83.5919,84.3689889215574,92.4301379554298,73.4061171764314
1997-12-01,83.9696,84.6442779215012,93.1729748850371,74.1061755146262
1998-01-01,84.3467,84.0220017175465,94.021931376017,74.9062421868489
1998-02-01,84.4865,85.0568101254986,94.7647683056243,74.7062255187932
1998-03-01,84.5212,85.8947160028786,95.0831269897418,75.7063088590716
1998-04-01,84.8275,85.5180329009147,94.8708878669968,75.0062505208767
1998-05-01,85.3596,84.8350272479929,93.3852140077821,75.4062838569881
1998-06-01,84.8466,84.7828587786158,92.9607357622922,74.8062338528211
1998-07-01,84.5061,83.4591173094981,92.2178988326848,76.4063671972664
1998-08-01,86.2464,85.6025725743668,92.0056597099398,74.7062255187932
1998-09-01,86.1707,85.84602543146,91.2628227803325,74.206183848654
1998-10-01,86.7671,86.0199203293837,91.368942341705,74.7062255187932
1998-11-01,86.6929,86.2620355334159,91.8995401485674,73.7061421785149
1998-12-01,87.0633,87.628581900484,93.4913335691546,74.0061671805984
1999-01-01,87.4252,88.6058712268151,96.0382030420941,75.2062671889324
1999-02-01,87.926,88.5218666145874,95.5076052352317,73.8061505125427
1999-03-01,88.1101,88.190931247308,96.3565617262115,74.3061921826819
1999-04-01,88.3106,88.7294703696471,96.0382030420941,74.8062338528211
1999-05-01,88.8487,88.5641364513134,96.7810399717014,75.3062755229602
1999-06-01,88.7978,89.7797955531062,96.2504421648391,75.3062755229602
1999-07-01,89.3119,90.2902439611652,97.7361160240538,75.9063255271273
1999-08-01,89.7109,91.151692532418,98.4789529536611,76.6063838653221
1999-09-01,89.3331,92.3646763280888,99.115670321896,76.3063588632386
1999-10-01,90.4924,91.8510175526834,99.0095507605235,77.1064255354613
1999-11-01,90.965,93.028419776933,99.9646268128758,77.0064172014334
1999-12-01,91.6804,94.4787032256166,98.5850725150336,77.1064255354613
2000-01-01,91.6261,94.8412072051344,99.0095507605235,76.5063755312943
2000-02-01,91.9626,94.4754928582703,99.2217898832685,78.4065338778232
2000-03-01,92.3118,95.5688904702921,98.903431199151,78.506542211851
2000-04-01,92.8872,95.3000222050408,98.903431199151,79.5066255521294
2000-05-01,93.162,96.7478978782147,98.2667138309161,81.4067838986582
2000-06-01,93.2168,97.0748202863113,98.903431199151,79.6066338861572
2000-07-01,93.04,97.0796358373307,98.2667138309161,80.906742228519
2000-08-01,92.79,98.0638809595788,99.5401485673859,81.7068089007417
2000-09-01,93.1547,98.0250890208112,99.115670321896,81.8068172347696
2000-10-01,92.8361,98.2423238779097,99.5401485673859,81.5067922326861
2000-11-01,92.8395,98.2348330207684,100.495224619738,82.2068505708809
2000-12-01,92.5334,98.33274922483,103.042094092678,82.7068922410201
2001-01-01,92.0304,95.8163562865681,103.784931022285,82.5068755729644
2001-02-01,91.4079,95.5910955111039,103.784931022285,83.406950579215
2001-03-01,91.1751,94.8674252051291,103.784931022285,82.0068339028252
2001-04-01,90.8767,95.1879268785331,103.254333215423,80.6067172264355
2001-05-01,90.375,95.3152714499356,102.29925716307,81.5067922326861
2001-06-01,89.8626,94.3770415929843,102.405376724443,81.9068255687974
2001-07-01,89.3288,93.0629312259055,101.662539794836,79.4066172181015
2001-08-01,89.2201,93.55572261356,103.042094092678,81.6068005667139
2001-09-01,88.7478,92.1214910016078,101.556420233463,80.5067088924077
2001-10-01,88.4755,92.3951748178786,100.919702865228,79.106592216018
2001-11-01,87.9631,92.4789118994941,100.707463742483,78.1065088757396
2001-12-01,87.9329,90.6770932263924,101.025822426601,78.6065505458788
2002-01-01,88.5452,93.8660581237008,101.450300672091,79.0065838819902
2002-02-01,88.5362,95.1346882867072,102.617615847188,79.2066005500458
2002-03-01,89.2097,94.9800555928612,105.801202688362,79.4066172181015
2002-04-01,89.6389,96.3356332048295,102.829854969933,79.5066255521294
2002-05-01,90.0271,96.2775790619842,105.801202688362,78.7065588799067
2002-06-01,90.7645,95.5900253886551,100.707463742483,80.906742228519
2002-07-01,90.7437,96.5817613680445,104.315528829148,79.4066172181015
2002-08-01,90.6268,96.3824510619628,102.935974531305,81.3067755646304
2002-09-01,90.7241,95.5049506539786,104.42164839052,80.2066838903242
2002-10-01,90.4879,96.1518396742547,102.617615847188,79.6066338861572
2002-11-01,90.9823,95.5466854294803,103.466572338168,81.0067505625469
2002-12-01,90.4919,94.4797733480654,104.42164839052,79.6066338861572
2003-01-01,91.2395,95.5161869396906,104.527767951892,80.2066838903242
2003-02-01,91.3384,95.668679388639,106.54403961797,80.2066838903242
2003-03-01,91.069,95.3152714499356,106.756278740715,80.0066672222685
2003-04-01,90.4913,94.9717621438833,106.013441811107,79.8066505542128
2003-05-01,90.4697,95.0324915928505,105.2706048815,79.106592216018
2003-06-01,90.5899,94.5857154704927,106.437920056597,78.7065588799067
2003-07-01,91.0614,95.620791409057,106.756278740715,80.6067172264355
2003-08-01,90.8452,94.3361094093192,106.650159179342,78.6065505458788
2003-09-01,91.4453,96.2136392456707,106.225680933852,78.4065338778232
2003-10-01,91.5595,96.7561913271926,107.392996108949,80.8067338944912
2003-11-01,92.1763,96.8361829802375,106.225680933852,81.6068005667139
2003-12-01,92.2532,97.0306777352999,106.225680933852,82.0068339028252
2004-01-01,92.4067,96.6296493476266,107.180756986204,81.3067755646304
2004-02-01,92.9687,96.2968412660619,106.968517863459,81.7068089007417
2004-03-01,92.6,97.4739759596992,108.241952599929,81.2067672306026
2004-04-01,92.9761,97.2960681025926,107.923593915812,82.4068672389366
2004-05-01,93.6446,96.8792554088002,106.331800495225,83.3069422451871
2004-06-01,92.9303,98.2952949391234,106.013441811107,82.7068922410201
2004-07-01,93.6109,97.6304813678305,104.952246197382,83.7069755812984
2004-08-01,93.6958,98.1567140820088,103.678811460913,82.9069089090758
2004-09-01,93.7958,98.6519132451731,103.466572338168,82.7068922410201
2004-10-01,94.6226,98.5577424696821,104.315528829148,83.7069755812984
2004-11-01,94.8491,98.5684436941697,104.84612663601,82.3068589049087
2004-12-01,95.5841,98.6227524084443,104.209409267775,81.9068255687974
2005-01-01,95.9285,99.8905799796142,104.209409267775,84.4070339194933
2005-02-01,96.6287,98.8822571022689,104.103289706403,83.1069255771314
2005-03-01,96.4907,97.853334367785,101.768659356208,84.2070172514376
2005-04-01,96.6809,99.0922686328383,105.164485320127,84.8070672556046
2005-05-01,96.7925,99.9315121632793,104.527767951892,83.7069755812984
2005-06-01,97.19,99.2712466123936,105.907322249735,85.5071255937995
2005-07-01,96.8981,99.558574489886,105.164485320127,86.8072339361614
2005-08-01,97.2223,100.417347755017,104.315528829148,84.3070255854654
2005-09-01,95.3463,100.594185489675,104.633887513265,86.7072256021335
2005-10-01,96.4981,100.677387510066,103.891050583658,88.4073672806067
2005-11-01,97.5646,101.447875673174,104.42164839052,87.4072839403284
2005-12-01,98.0222,102.127670958749,107.817474354439,87.2072672722727
2006-01-01,98.2044,101.697481734347,106.225680933852,87.7073089424119
2006-02-01,98.2404,101.458844428274,106.756278740715,88.207350612551
2006-03-01,98.4742,101.611336877222,107.711354793067,87.4072839403284
2006-04-01,98.7765,100.959364775314,107.605235231694,89.4074506208851
2006-05-01,98.7884,100.612645101916,107.923593915812,90.7075589632469
2006-06-01,99.1069,100.076781285699,108.666430845419,90.2075172931078
2006-07-01,99.0357,100.116643346915,107.923593915812,91.8076506375531
2006-08-01,99.4583,99.4050119184888,108.984789529537,92.4077006417201
2006-09-01,99.2544,97.7744128371889,109.621506897771,92.3076923076923
2006-10-01,99.1514,97.5812557351875,108.984789529537,92.1076756396366
2006-11-01,99.0974,97.5036718576523,109.303148213654,93.707808984082
2006-12-01,100.1117,98.5047714084684,108.772550406792,94.6078839903325
2007-01-01,99.7226,98.0775250208005,108.878669968164,95.1079256604717
2007-02-01,100.6919,99.1313281022181,108.241952599929,95.5079589965831
2007-03-01,100.8857,99.3148541021806,107.817474354439,96.0080006667222
2007-04-01,101.5777,98.8747662451276,106.756278740715,95.1079256604717
2007-05-01,101.6481,99.0952114695724,108.454191722674,96.8080673389449
2007-06-01,101.6741,99.3688952858431,106.437920056597,96.7080590049171
2007-07-01,101.5627,98.3236531840156,105.058365758755,97.4081173431119
2007-08-01,101.7751,98.9381710002167,106.54403961797,97.7081423451954
2007-09-01,102.0279,98.4081928574677,105.2706048815,98.7082256854738
2007-10-01,101.7289,97.7160911637314,105.058365758755,98.8082340195016
2007-11-01,102.3185,97.3814103678814,105.058365758755,98.6082173514459
2007-12-01,102.3074,95.6178485723229,105.2706048815,99.6083006917243
2008-01-01,102.1686,95.3800138580857,105.588963565617,101.108425702142
2008-02-01,101.7673,95.532238776422,106.11956137248,100.808400700058
2008-03-01,101.3986,94.6675798378229,104.42164839052,100.108342361863
2008-04-01,100.7238,95.6721572865975,106.862398302087,100.308359029919
2008-05-01,100.1399,95.395798164205,105.907322249735,98.3081923493624
2008-06-01,99.9141,96.0798739395756,105.801202688362,99.4082840236686
2008-07-01,99.4943,97.6018555923261,106.11956137248,97.7081423451954
2008-08-01,97.9367,96.4613725925589,106.437920056597,99.7083090257521
2008-09-01,93.6585,95.5057532458152,106.11956137248,97.4081173431119
2008-10-01,94.5845,95.1277324907903,104.952246197382,95.3079423285274
2008-11-01,93.3455,93.3526668789076,101.662539794836,91.1075922993583
2008-12-01,90.7183,90.3908354713488,101.662539794836,87.7073089424119
2009-01-01,88.4683,88.6457332880315,98.2667138309161,80.7067255604634
2009-02-01,87.936,87.5670498596802,98.7973116377786,78.2065172097675
2009-03-01,86.5503,85.7917167171854,98.3728333922886,78.506542211851
2009-04-01,85.8598,84.1771694726169,99.2217898832685,76.2063505292108
2009-05-01,84.9991,83.430759064606,97.3116377785638,79.706642220185
2009-06-01,84.7277,83.0687901463125,98.3728333922886,80.306692224352
2009-07-01,85.7091,83.1605531462938,98.5850725150336,79.5066255521294
2009-08-01,86.6333,82.912017207569,96.0382030420941,80.5067088924077
2009-09-01,87.3615,84.334745003197,97.7361160240538,84.1070089174098
2009-10-01,87.5488,84.3384904317677,97.7361160240538,82.3068589049087
2009-11-01,87.9144,85.646447594766,97.6299964626813,83.3069422451871
2009-12-01,88.2318,85.1461653499702,97.4177573399363,83.3069422451871
2010-01-01,89.1936,86.0846627375338,96.5688008489565,84.1070089174098
2010-02-01,89.5089,87.2176548801597,98.4789529536611,83.3069422451871
2010-03-01,90.1449,88.3353977778908,99.6462681287584,86.1071755979665
2010-04-01,90.474,88.1620379411914,98.2667138309161,87.7073089424119
2010-05-01,91.7131,90.3472279815618,98.2667138309161,90.4075339611634
2010-06-01,91.9287,90.9283044712391,96.674920410329,90.1075089590799
2010-07-01,92.2737,90.9582678998044,95.6137247966042,89.5074589549129
2010-08-01,92.615,90.9823456549016,96.0382030420941,91.0075839653304
2010-09-01,92.8668,90.5465382876436,95.8259639193491,92.4077006417201
2010-10-01,92.6138,91.3100706548347,96.8871595330739,94.4078673222769
2010-11-01,92.6772,91.3381613691147,94.7647683056243,93.9078256521377
2010-12-01,93.5741,93.066409123864,93.1729748850371,95.4079506625552
2011-01-01,93.3793,92.8515820422752,93.0668553236647,95.2079339944996
2011-02-01,93.0051,92.4757015321478,91.5811814644499,96.3080256688057
2011-03-01,93.978,93.5281669605045,91.368942341705,96.9080756729728
2011-04-01,93.6525,93.8914735318589,90.5199858507252,97.5081256771398
2011-05-01,93.7878,92.2472303893373,91.7934205871949,98.7082256854738
2011-06-01,94.0378,92.8210835524855,92.2178988326848,97.1080923410284
2011-07-01,94.5146,94.4663968174558,91.8995401485674,100.108342361863
2011-08-01,95.1263,95.4653561233744,91.368942341705,99.3082756896408
2011-09-01,95.0732,96.1076971232433,91.2628227803325,97.8081506792233
2011-10-01,95.7291,95.4709742662304,90.9444640962151,98.9082423535295
2011-11-01,95.7455,95.2256486948519,90.5199858507252,98.2081840153346
2011-12-01,96.2147,96.1387306742574,91.0505836575876,96.8080673389449
2012-01-01,96.8051,96.1496994293572,90.4138662893527,97.3081090090841
2012-02-01,97.1033,94.0610879399876,90.5199858507252,97.2081006750563
2012-03-01,96.5973,94.2258867970968,91.0505836575876,98.4082006833903
2012-04-01,97.3006,95.0720861234547,91.4750619030775,96.6080506708892
2012-05-01,97.5046,95.0180449397922,92.0056597099398,98.5082090174181
2012-06-01,97.4903,94.4717474296996,90.7322249734701,97.3081090090841
2012-07-01,97.7234,94.1148615930378,93.809692253272,98.4082006833903
2012-08-01,97.313,93.1683382871085,92.9607357622922,98.4082006833903
2012-09-01,97.2405,92.8550599402336,90.7322249734701,97.1080923410284
2012-10-01,97.561,92.8317847769731,90.8383445348426,95.8079839986666
2012-11-01,97.9589,93.7801807971877,91.15670321896,95.1079256604717
2012-12-01,98.2061,93.3727316748219,92.2178988326848,95.9079923326944
2013-01-01,98.199,94.0955993889601,90.8383445348426,94.7078923243604
2013-02-01,98.6835,95.0975015316128,91.5811814644499,95.5079589965831
2013-03-01,99.0994,95.6882091233289,92.9607357622922,96.8080673389449
2013-04-01,98.9898,95.0244656744848,92.4301379554298,97.1080923410284
2013-05-01,99.0782,94.8246203071786,92.8546162009197,96.5080423368614
2013-06-01,99.2141,94.53408206234,93.9158118146445,98.2081840153346
2013-07-01,98.9132,94.9177209602209,94.1280509373894,96.5080423368614
2013-08-01,99.4891,95.7446580825011,93.2790944464096,98.7082256854738
2013-09-01,100.0172,96.5333383272381,94.8708878669968,98.2081840153346
2013-10-01,99.9038,97.87714459227,94.6586487442519,97.5081256771398
2013-11-01,100.1479,97.541126143359,95.2953661124867,99.7083090257521
2013-12-01,100.3576,96.6978696537351,95.1892465511142,99.80831735978
2014-01-01,99.9828,97.0523477148873,96.0382030420941,99.3082756896408
2014-02-01,100.7485,98.8557715716621,95.9320834807216,99.4082840236686
2014-03-01,101.7391,99.1695849797613,94.7647683056243,99.80831735978
2014-04-01,101.8023,100.463898081538,94.9770074283693,99.4082840236686
2014-05-01,102.2116,100.729288448831,94.4464096215069,98.7082256854738
2014-06-01,102.5637,101.577092958862,94.3402900601344,98.8082340195016
2014-07-01,102.8425,100.987187958982,95.4014856738592,100.908409034086
2014-08-01,102.6499,99.3078983062637,94.3402900601344,96.7080590049171
2014-09-01,102.9647,101.212983795671,94.9770074283693,99.1082590215851
2014-10-01,102.9704,102.027079448566,94.8708878669968,99.3082756896408
2014-11-01,103.6017,101.658154734355,95.8259639193491,99.4082840236686
2014-12-01,103.592,102.069616815904,97.7361160240538,101.108425702142
2015-01-01,102.798,101.38634363237,99.327909444641,98.4082006833903
2015-02-01,102.1554,100.746142877399,100.389105058366,99.3082756896408
2015-03-01,101.8077,100.143128877522,100.919702865228,99.208267355613
2015-04-01,101.2285,99.276062163413,100.813583303856,100.108342361863
2015-05-01,100.7536,98.3549542656418,100.282985496993,100.508375697975
2015-06-01,100.4529,99.156475979764,100.495224619738,100.208350695891
2015-07-01,101.11,100.617460652935,99.9646268128758,101.608467372281
2015-08-01,100.8802,101.706577775162,100.282985496993,99.0082506875573
2015-09-01,100.608,99.5500135102959,100.070746374248,99.208267355613
2015-10-01,100.151,99.326625449117,100.070746374248,100.308359029919
2015-11-01,99.3817,99.6455219388478,98.7973116377786,99.0082506875573
2015-12-01,98.8572,100.090692877533,98.5850725150336,99.9083256938078
2016-01-01,99.4086,100.697987367204,100.070746374248,101.20843403617
2016-02-01,98.8946,99.7734015714748,99.4340290060134,101.20843403617
2016-03-01,98.1385,98.7567852451517,100.282985496993,100.208350695891
2016-04-01,98.4364,99.0120094491812,103.466572338168,101.008417368114
2016-05-01,98.2096,95.2192279601594,101.768659356208,99.0082506875573
2016-06-01,98.6766,97.6962938984293,100.601344181111,101.20843403617
2016-07-01,98.8371,100.257364448927,100.601344181111,99.6083006917243
2016-08-01,98.7302,100.664278510069,100.389105058366,101.308442370198
2016-09-01,98.6287,101.849706652684,100.176865935621,101.008417368114
2016-10-01,98.7126,101.307422101774,98.6911920764061,101.808484040337
2016-11-01,98.3004,102.579530162739,99.5401485673859,101.408450704225
2016-12-01,98.9063,102.808803897386,101.025822426601,99.5082923576965
2017-01-01,98.7349,103.534079387034,99.7523876901309,100.908409034086
2017-02-01,98.4178,103.12930557079,99.2217898832685,102.10850904242
2017-03-01,99.0726,103.363127325844,98.0544747081712,101.608467372281
2017-04-01,100.0545,104.323027162383,98.903431199151,103.208600716726
2017-05-01,100.139,105.473676325414,99.115670321896,103.408617384782
2017-06-01,100.3148,105.566241917231,99.0095507605235,103.50862571881
2017-07-01,100.1418,106.106921284468,99.9646268128758,104.208684057005
2017-08-01,99.6878,104.88698169288,100.070746374248,106.408867405617
2017-09-01,99.7829,105.332687692789,101.87477891758,105.408784065339
2017-10-01,101.0401,104.646739203133,102.087018040325,103.808650720893
2017-11-01,101.226,105.79444552943,102.829854969933,107.608967413951
2017-12-01,101.3878,106.223297100771,103.14821365405,107.008917409784
2018-01-01,101.345,105.725155100872,103.042094092678,106.508875739645
2018-02-01,101.7068,107.125945386301,103.360452776795,104.608717393116
2018-03-01,102.2785,108.369427671761,103.14821365405,105.908825735478
2018-04-01,103.434,108.619568794159,103.042094092678,105.408784065339
2018-05-01,102.4735,108.378791243188,102.829854969933,107.108925743812
2018-06-01,103.2508,109.233284018524,104.633887513265,107.008917409784
2018-07-01,103.4588,110.205757793836,103.784931022285,104.708725727144
2018-08-01,104.1802,110.413629079507,104.527767951892,105.708809067422
2018-09-01,104.1665,110.185960528533,104.740007074637,105.008750729227
2018-10-01,104.0476,110.627921099872,103.678811460913,105.008750729227
2018-11-01,103.9603,109.670429038843,103.57269189954,103.008584048671
2018-12-01,103.869,108.663978875783,103.784931022285,103.908659054921
2019-01-01,103.2684,107.381972182167,104.84612663601,103.608634052838
2019-02-01,102.8157,106.820960488404,105.482844004245,103.608634052838
2019-03-01,102.9,108.722033018628,106.437920056597,104.40870072506
2019-04-01,102.3826,111.285511344636,103.99717014503,102.808567380615
2019-05-01,102.5756,111.377541875229,105.2706048815,103.50862571881
2019-06-01,102.5928,110.549267099888,105.588963565617,102.608550712559
2019-07-01,102.2012,108.530213569688,106.013441811107,102.008500708392
2019-08-01,102.9086,108.622779161506,105.376724442872,102.208517376448
2019-09-01,102.579,108.323144875852,106.968517863459,101.408450704225
2019-10-01,101.7775,109.096575875695,107.923593915812,100.708392366031
2019-11-01,102.0979,108.166639467721,107.605235231694,100.808400700058
2019-12-01,101.7632,107.319102488302,107.711354793067,98.5082090174181
2020-01-01,101.303,107.855501365744,110.045985143261,101.508459038253
2020-02-01,101.7038,108.829847855341,111.001061195614,102.808567380615
2020-03-01,97.8746,102.292469815859,105.376724442872,91.5076256354696
2020-04-01,84.959,89.0751199205969,86.1690838344535,71.1059254937911
2020-05-01,86.3345,93.0254769401989,92.6423770781748,79.8066505542128
2020-06-01,91.7523,96.8797904700246,103.466572338168,89.5074589549129
2020-07-01,95.2439,99.863559387783,109.197028652282,91.6076339694974
2020-08-01,96.1173,99.586665204166,111.319419879731,90.7075589632469
2020-09-01,96.0711,101.163758163028,113.017332861691,93.6078006500542
2020-10-01,96.825,101.104633897734,114.184648036788,97.2081006750563
2020-11-01,97.1183,103.48966930541,115.98868058012,98.6082173514459
2020-12-01,98.138,104.666803999048,116.8376370711,98.7082256854738
2021-01-01,99.2645,105.290417856063,114.927484966395,98.2081840153346
2021-02-01,96.2231,103.715197611487,115.351963211885,97.0080840070006
2021-03-01,98.8621,104.5889525909,116.41315882561,98.5082090174181
2021-04-01,99.0246,103.026038754484,115.776441457375,98.0081673472789
2021-05-01,99.7785,102.927855019811,117.68659356208,97.0080840070006
2021-06-01,100.1923,105.250555794847,115.458082773258,96.3080256688057
2021-07-01,100.8724,105.377900366249,115.670321896003,97.5081256771398
2021-08-01,100.837,105.556610815193,116.094800141493,92.9077423118593
2021-09-01,99.8498,105.506047529489,114.927484966395,92.7077256438036
2021-10-01,101.3602,107.477480610719,114.078528475416,95.9079923326944
2021-11-01,101.961,106.722241692506,114.184648036788,96.6080506708892
2021-12-01,101.7587,107.095446896511,114.290767598161,97.8081506792233
2022-01-01,102.146,106.56760899866,113.760169791298,98.1081756813068
2022-02-01,102.8987,107.430127692361,113.441811107181,98.2081840153346
2022-03-01,103.5717,108.697955263531,113.441811107181,93.5077923160264
2022-04-01,104.2709,110.328821875443,113.229571984436,94.907908992416
2022-05-01,104.1646,109.626286487831,113.654050229926,95.5079589965831
2022-06-01,104.0772,109.937157059197,113.335691545808,96.8080673389449
2022-07-01,104.7577,110.672598712108,112.062256809339,96.2080173347779
2022-08-01,104.6544,109.978089242862,110.045985143261,96.1080090007501
