"Date","US TSP - NSA","CA TSP - NSA","UK TSP - NSA","GR TSP - NSA"
1960-02-01,-4.74631751227494,-3.31634579086445,-2.26876090750438,0.546448087431696
1960-03-01,-1.54639175257731,-0.0351404642445983,0.892857142857158,-1.73913043478262
1960-04-01,0.872600349040114,-1.75178205253393,-5.48672566371681,3.20796460176991
1960-05-01,-0.865051903114162,2.95976783016618,3.55805243445694,6.32368703108253
1960-06-01,4.71204188481674,-2.48276927235167,-2.71247739602171,14.1129032258064
1960-07-01,-2.83333333333332,-2.18764229573758,0.185873605947939,7.33215547703181
1960-08-01,-0.171526586620926,6.55993199206573,5.38033395176252,8.31275720164609
1960-09-01,-4.29553264604809,-4.96514521245276,-1.056338028169,0.0759878419452891
1960-10-01,-2.51346499102336,-0.0259828513181078,1.42348754448399,-5.84662110858009
1960-11-01,3.13075506445672,3.84446221511394,-4.91228070175439,-1.93548387096775
1960-12-01,1.42857142857142,4.87264886510213,1.10701107011073,-2.30263157894738
1961-01-01,3.69718309859158,5.66508793185741,4.01459854014597,-1.010101010101
1961-02-01,2.88624787775888,3.26615705350939,4.91228070175439,-0.935374149659857
1961-03-01,3.13531353135314,1.88593539703902,4.34782608695651,-1.03004291845494
1961-04-01,2.07999999999999,4.59536665510811,2.24358974358974,1.99479618386817
1961-05-01,1.25391849529782,1.99703207880776,-1.2539184952978,4.33673469387756
1961-06-01,-0.309597523219832,0.708879567862052,-8.09523809523809,0.570497147514265
1961-07-01,-0.15527950310559,1.7950727711436,-2.76338514680483,-8.26580226904378
1961-08-01,4.04354587869365,1.5233637804786,-3.90763765541741,-4.68197879858657
1961-09-01,-1.04633781763828,-1.6120397358872,-1.47874306839187,-4.6339202965709
1961-10-01,-1.05740181268882,0.592503022974593,-2.4390243902439,1.84645286686104
1961-11-01,3.05343511450382,3.03071282606082,1.15384615384615,6.58396946564886
1961-12-01,0.59259259259259,2.2109116364538,1.71102661596958,-3.31244404655326
1962-01-01,-3.24005891016199,-2.57116358707284,0.186915887850463,-1.85185185185186
1962-02-01,0.913242009132416,0.582868356691974,0.932835820895526,-1.50943396226416
1962-03-01,0.301659125188517,-0.116480540469693,-2.58780036968577,-0.862068965517259
1962-04-01,-3.30827067669174,-2.69092287284442,7.21062618595826,-3.38164251207728
1962-05-01,-6.68740279937791,-8.26005542655982,-2.12389380530972,-7.69999999999998
1962-06-01,-11.1666666666667,-6.52340752110513,-8.8607594936709,-9.10075839653306
1962-07-01,1.68855534709193,2.37920553401111,-0.396825396825401,-3.09892729439809
1962-08-01,3.50553505535055,2.42287742287743,3.78486055776894,-3.93603936039361
1962-09-01,-0.891265597147947,-4.73778903178517,-0.191938579654519,-1.53649167733674
1962-10-01,-2.6978417266187,1.5493844432009,0.57692307692309,-8.32249674902473
1962-11-01,8.31792975970426,7.83020492509039,4.0152963671128,11.2056737588653
1962-12-01,3.07167235494879,0.450356931823626,1.47058823529411,4.59183673469386
1963-01-01,3.64238410596025,4.91263772079047,0.362318840579726,-3.65853658536584
1963-02-01,1.1182108626198,-3.24902635287698,1.80505415162454,-2.78481012658229
1963-03-01,-0.78988941548181,2.98692145038764,2.12765957446807,-0.130208333333316
1963-04-01,4.93630573248406,4.82114612483272,1.3888888888889,2.47718383311603
1963-05-01,1.82094081942338,1.62357447549403,1.02739726027397,8.77862595419846
1963-06-01,-0.149031296572298,-3.70925600719579,-0.847457627118659,1.6374269005848
1963-07-01,-2.53731343283583,-2.68523049093308,1.53846153846156,-0.460299194476412
1963-08-01,1.83767228177643,0.670404680643592,2.86195286195284,4.16184971098266
1963-09-01,3.45864661654136,3.01186584332243,2.12765957446809,2.7746947835738
1963-10-01,1.16279069767443,0.794863506802632,2.08333333333334,-2.05183585313174
1963-11-01,-0.574712643678194,-1.00287159453669,1.41287284144427,-2.86659316427784
1963-12-01,2.31213872832373,3.46904218508431,1.85758513931888,0.908059023836554
1964-01-01,2.25988700564971,2.66539539781703,-2.27963525835868,5.84926884139481
1964-02-01,2.07182320441988,-0.842758926591273,-2.64385692068426,2.76301806588737
1964-03-01,2.43572395128553,3.89034891523149,2.71565495207665,4.03309203722855
1964-04-01,1.05680317040952,3.66931740201026,1.71073094867808,-0.497017892644165
1964-05-01,0.261437908496715,3.46286633958933,-1.52905198776757,-2.09790209790208
1964-06-01,-0.651890482398938,-0.189427202248029,-1.39751552795031,-1.73469387755101
1964-07-01,3.57806691449814,2.27869738446262,3.46456692913386,2.18068535825543
1964-08-01,-1.07671601615074,-0.604600865119934,1.06544901065448,2.03252032520326
1964-09-01,1.83673469387754,4.29627614855843,0.301204819277122,0.697211155378476
1964-10-01,1.89267423736362,0.36392086203012,-2.40240240240241,-3.56083086053412
1964-11-01,0.699300699300701,0.406302411830037,-4.46153846153847,-3.48717948717949
1964-12-01,-1.77951388888889,0.403481943300777,-3.7037037037037,0.42507970244421
1965-01-01,2.364118426867,5.60847304722739,1.67224080267557,-0.423280423280425
1965-02-01,0.863371465573054,-0.438207233192795,2.30263157894738,-1.59404888416577
1965-03-01,0.106997646051791,-0.88138614964623,-3.53697749196142,-2.15982721382289
1965-04-01,1.30397605814451,2.44171144636554,0.333333333333326,-0.331125827814571
1965-05-01,1.3082928887951,-0.235937054188705,1.82724252491696,-2.54706533776302
1965-06-01,-5.08227452614039,-6.82095675990804,-4.24143556280588,-2.38636363636363
1965-07-01,-0.30721966205836,-1.02467241175778,-3.57751277683134,-1.28055878928988
1965-08-01,2.04710543693594,2.44507526060925,1.23674911660777,1.53301886792454
1965-09-01,3.42968075927525,1.68350952358776,2.61780104712043,0.116144018583044
1965-10-01,2.29405630865483,1.77242437427007,6.12244897959182,-3.01624129930394
1965-11-01,0.774719673802244,-2.82496681142136,2.40384615384615,-2.51196172248803
1965-12-01,0.384381954278772,2.01331403762663,-1.87793427230049,-1.4723926380368
1966-01-01,1.88735706403878,4.15484486006765,1.43540669856461,3.23785803237856
1966-02-01,-0.41259607144821,-2.45600653772815,3.14465408805031,1.20627261761159
1966-03-01,-4.11165366638034,-1.36057461377778,-2.13414634146339,-1.43027413587605
1966-04-01,2.73128060306128,0.927488307305532,-0.467289719626189,-2.66021765417168
1966-05-01,-5.51655363730828,-3.30782522833868,3.12989045383411,-6.08695652173914
1966-06-01,-0.550716110497751,-0.557012555991363,1.21396054628226,-4.62962962962963
1966-07-01,-0.294079632658771,-1.65355800872874,-4.34782608695653,-5.82524271844659
1966-08-01,-5.91434676652099,-7.40296878151809,-10.9717868338558,0.589101620029458
1966-09-01,-3.96003564064825,-2.46930982341934,-1.23239436619716,2.78184480234258
1966-10-01,-1.1761791390227,1.94190064511042,-1.42602495543672,-3.13390313390311
1966-11-01,5.37215980309487,-0.661176197656876,-2.3508137432188,-3.08823529411764
1966-12-01,0.980239963232315,2.4326638642379,2.77777777777776,0.606980273141105
1967-01-01,4.23180909448712,6.83081911565402,4.14414414414415,-0.452488687782808
1967-02-01,3.84883715991418,0.947311012045903,-0.173010380622845,6.66666666666666
1967-03-01,2.5541069831838,3.3496588092973,1.38648180242634,1.84659090909092
1967-04-01,1.8466709393213,2.06829933518949,5.29914529914532,-1.11576011157602
1967-05-01,2.1536686163537,-3.73768301508656,2.11038961038962,-1.97461212976022
1967-06-01,-0.892179754480669,2.58275694556894,0.476947535771065,-1.58273381294963
1967-07-01,2.23494629692004,3.2179138807771,2.37341772151896,1.60818713450291
1967-08-01,1.53455590046195,-1.1808400240319,0.772797527047906,12.3741007194245
1967-09-01,1.45773129336589,1.97426600636716,5.06134969325153,4.22535211267604
1967-10-01,-0.182679115548963,-5.83739837398372,5.25547445255476,1.10565110565113
1967-11-01,-3.25215312712706,2.53727047717723,3.88349514563107,4.61725394896718
1967-12-01,3.21091887197906,0.955439041641875,-1.73564753004006,1.97444831591174
1968-01-01,0.340170609557952,-2.84475088967972,1.35869565217392,5.92255125284738
1968-02-01,-4.79932345256215,-4.38291247910991,2.94906166219838,0.430107526881722
1968-03-01,-2.37715243426944,-2.458908455341,2.08333333333334,-0.107066381156317
1968-04-01,7.58810762085967,8.92008983909965,10.5867346938776,4.82315112540194
1968-05-01,3.04867302312649,-0.945384069320654,4.61361014994233,0.613496932515312
1968-06-01,3.25389403157148,5.268007462347,2.2050716648291,2.03252032520326
1968-07-01,-0.393583643782538,-0.567328369660374,5.28586839266451,1.29482071713147
1968-08-01,-2.4436799666827,2.58764970547961,2.6639344262295,1.17994100294986
1968-09-01,3.20710985557132,4.78415170295038,2.29540918163675,-1.26336248785228
1968-10-01,2.67074713553229,1.50236070811133,-3.12195121951222,1.37795275590552
1968-11-01,1.92361971792048,3.74413578094963,1.20845921450152,-2.03883495145632
1968-12-01,1.47764765988582,2.04692960559161,2.18905472636815,-2.08126858275521
1969-01-01,-4.14884350648333,2.62870690952881,4.28432327166506,2.83400809716601
1969-02-01,-0.838370376193978,-4.74872114556021,-3.17460317460319,1.4763779527559
1969-03-01,-2.8633747349648,3.18954399337837,-4.2430086788814,0.0969932104752672
1969-04-01,1.6460281635606,2.82607073571109,-1.30916414904329,-0.096899224806202
1969-05-01,3.34473415247952,2.59238430419246,-4.89795918367347,4.36469447138701
1969-06-01,-5.64661901320682,-10.8298557080209,-7.08154506437769,0.743494423791825
1969-07-01,-5.06329830521051,-5.73099995042389,-3.46420323325635,-4.4280442804428
1969-08-01,-0.586300676940374,5.02550617933211,-0.358851674641148,3.66795366795367
1969-09-01,0.520253081203044,-0.674992238590729,1.32052821128451,0.651769087523255
1969-10-01,1.72081873846641,1.40150636727532,-1.8957345971564,3.88529139685477
1969-11-01,1.09060985691747,2.54253298730227,1.08695652173915,4.98664292074801
1969-12-01,-5.5131759851752,-1.11417101409925,2.8673835125448,-3.13825275657338
1970-01-01,-0.703773951972516,-3.87734489149515,5.22648083623693,-3.85288966725042
1970-02-01,-3.48484661853158,2.66978158187364,-3.09050772626932,-2.93204553294238
1970-03-01,1.43251422828641,-0.0337837837837883,-2.61958997722095,-2.38095238095239
1970-04-01,-3.93798694170956,-8.78078842216169,-1.98830409356725,0.76447033127047
1970-05-01,-12.3447377051882,-9.75351959203244,-10.2625298329356,-10.4226878612717
1970-06-01,-0.882673463596827,-2.1045387039519,-2.39361702127658,-3.89191369227669
1970-07-01,-0.313781827243156,4.56350674658971,1.90735694822886,-1.19597146454048
1970-08-01,2.74023131514961,2.61978343438157,2.67379679144384,4.86302824378848
1970-09-01,6.67461359530008,4.50579891722894,2.08333333333334,-3.19967598217902
1970-10-01,2.12296993076348,-2.80689404854873,6.50510204081634,-1.69456066945606
1970-11-01,-0.477388397548484,4.35909332669437,-6.22754491017964,-2.66014045541605
1970-12-01,6.91202830894302,2.74889122631993,0.510855683269482,-2.14254481853957
1971-01-01,4.66353318864548,2.91175042742262,2.03303684879287,5.92046470062555
1971-02-01,4.15087181643175,-0.0646067703793414,-1.49439601494396,7.6987977219996
1971-03-01,2.76131282018641,2.69163673678811,-1.26422250316056,2.74187230708971
1971-04-01,3.49241696249922,1.62581315639583,8.83482714468633,-2.0015249714068
1971-05-01,-1.42956012736237,-4.32153392330385,12.1176470588235,-4.43493483758024
1971-06-01,-1.67663175743573,1.41822105749962,0.419727177334751,0.52920822308162
1971-07-01,-0.423862538104347,-0.340477276181802,6.47857889237197,1.15407977323346
1971-08-01,-1.99097256765842,-0.728019603656359,1.17762512266931,-0.180144115292254
1971-09-01,2.25837847827236,-1.47081417143793,3.29776915615906,-6.27631842791256
1971-10-01,-2.15358867903921,-8.37448153268813,-2.4413145539906,-2.58878904578519
1971-11-01,-4.82892416249327,0.468567409037788,-2.30991337824831,-6.03997364375138
1971-12-01,7.01105339823221,11.8571718951148,6.10837438423645,6.33473585787751
1972-01-01,4.44015081235377,8.92240596038527,5.84958217270195,3.95691360738623
1972-02-01,2.2022237216572,3.33388944500056,2.80701754385966,6.85134277860012
1972-03-01,2.59648426438487,-2.43701172312965,3.15699658703072,3.54245002968534
1972-04-01,1.1463660684606,1.0480638399588,2.72952853598014,3.11544342507647
1972-05-01,-1.36337232918687,2.75584103646556,1.85185185185185,1.77942539388322
1972-06-01,0.0842890084318825,-2.22417014193252,-5.29644268774702,-1.03806228373703
1972-07-01,-1.10674509255072,2.31551494625504,1.66944908180299,-0.478468899521544
1972-08-01,3.13004126400257,5.25994370984017,4.43349753694581,4.08653846153846
1972-09-01,-1.65674460259052,-1.83723061658635,-6.28930817610061,-2.82465802096285
1972-10-01,-0.0981404431565898,-2.62968546563422,-1.84563758389264,-3.47349177330896
1972-11-01,4.99020142632997,4.39854320249134,3.16239316239318,1.49621212121212
1972-12-01,2.01520623161663,3.35709590980333,2.89975144987572,-1.99664116439635
1973-01-01,0.196732997874402,1.65011658432389,-4.58937198067633,4.74105102817974
1973-02-01,-4.45205989894887,0.257454965432048,-7.59493670886076,-1.49063806580624
1973-03-01,-2.22703727833394,-0.871179091701778,-2.3744292237443,3.74607861229012
1973-04-01,-2.46426101047663,-3.30471133205288,2.24508886810103,0.14229811454996
1973-05-01,-3.27992242638405,-3.73897295086755,-0.731930466605668,-8.86323268206038
1973-06-01,-2.8307994506282,-0.380617137308294,2.67281105990784,-3.13778990450204
1973-07-01,1.79397133870603,6.73629242819844,-5.83482944344704,-6.11670020120727
1973-08-01,-1.42137206649367,-2.47879973907373,-3.05052430886559,-1.22160308615515
1973-09-01,2.49786402002766,4.54682274247492,-1.17994100294984,-1.12822738121067
1973-10-01,4.52081505295234,5.50872534749436,2.98507462686566,1.64581961816984
1973-11-01,-7.89879411549306,-10.3611115322226,-4.92753623188404,-2.31001727115716
1973-12-01,-7.69246670262242,0.440565886163204,-16.3617886178862,-6.78453038674033
1974-01-01,1.98972488910451,0.729091245853615,-0.24301336573511,3.60360360360361
1974-02-01,-2.70062347100974,3.78957574136604,-2.0706455542022,0.41189931350114
1974-03-01,4.28898021483863,-2.16624522862342,-6.46766169154229,-2.8714676390155
1974-04-01,-5.64036225704998,-9.46266297905966,-3.45744680851065,2.39324260910372
1974-05-01,-3.7815930504087,-6.19863262782748,0.688705234159792,-0.641613198900113
1974-06-01,-0.446695344420792,-2.18175121639172,-8.2079343365253,-3.52859778597785
1974-07-01,-8.20874019381634,4.72934811688119,-9.23994038748138,-3.80109968921826
1974-08-01,-7.88241941389853,-12.9692703602785,-12.807881773399,2.31113320079522
1974-09-01,-10.4520270029779,-7.90211766752184,-9.03954802259886,-4.4449842118047
1974-10-01,2.59243507650643,5.72716863985646,-4.55486542443064,-2.66903914590748
1974-11-01,3.73414779037632,-5.05855689899632,-7.80911062906723,2.76834682684775
1974-12-01,-6.78154459044761,-1.7615239887112,-10.8235294117647,5.31130876747139
1975-01-01,8.89649811836265,17.2583850039501,18.2058047493404,4.488416988417
1975-02-01,10.1626395924464,2.72866476112702,43.75,6.72055427251732
1975-03-01,4.41628287286385,-1.6624765236056,9.78260869565215,6.38389958883358
1975-04-01,1.26522896624812,1.91289409862569,5.65770862800568,3.80390561432058
1975-05-01,6.32774815750685,2.19824893657108,9.50468540829986,-3.13541054281793
1975-06-01,3.06621297253711,2.38575725235275,0.855745721271399,-4.02589520534089
1975-07-01,0.657464997538909,-0.343033668470268,-6.42424242424242,3.60455311973019
1975-08-01,-7.74537305170324,-1.21425922580276,-2.72020725388603,1.20040691759919
1975-09-01,-1.61081657269348,-6.01886610838388,10.7856191744341,-2.57338158423803
1975-10-01,4.22505133242903,-4.65397339123491,3.48557692307692,2.68262484523317
1975-11-01,1.63817474683468,5.35808277743762,6.85249709639954,5.20498392282961
1975-12-01,-1.79770583653111,-2.78035501269359,-0.869565217391328,1.68099331423112
1976-01-01,9.69045872561808,9.00748788724125,7.56578947368424,2.06650385121172
1976-02-01,4.71405770934631,3.3624197877683,1.12130479102954,1.10436223081171
1976-03-01,0.512622378134031,-1.88853105977403,0,1.71126888767522
1976-04-01,0.501446011169119,1.98559895265112,1.00806451612904,-1.91516019330589
1976-05-01,-0.750634564353429,0.0837193726628279,1.19760479041916,-4.8905109489051
1976-06-01,0.660422538549244,-1.89326343966095,-6.4102564102564,-0.0959324635456468
1976-07-01,2.6691729634739,-0.519160627161182,0.421496311907261,-0.979450739389295
1976-08-01,-0.887133216457248,-0.168560191225348,-4.40713536201467,-1.28006206361521
1976-09-01,2.01072551588174,-1.86015453591531,-5.81778265642152,0.23575638506876
1976-10-01,-3.29994486838465,-3.81512441679626,-11.5384615384615,-4.42963543708351
1976-11-01,-0.480891127232382,-7.01834167045627,4.08432147562583,0.266611977030368
1976-12-01,3.99626201672326,9.93587653515921,9.24050632911394,0.981795868275712
1977-01-01,-0.0933225029501357,-1.47500790888958,12.7462340672074,2.00526635608671
1977-02-01,-2.41380253053954,1.23620309050774,4.93319630010277,-1.05242255758539
1977-03-01,-0.467965740144436,1.30733854022122,4.60333006856023,-0.88300220750553
1977-04-01,-1.37124794171351,-2.67290213382124,0.468164794007499,4.6770601336303
1977-05-01,0.0689035037329868,-1.36712270931552,9.31966449207827,2.37911025145068
1977-06-01,0.64150104621657,5.10094884782762,-0.937766410912187,-2.21046665407143
1977-07-01,1.17908258557434,0.222062759396471,-0.0860585197934748,0.0386398763524139
1977-08-01,-2.6128623413446,-2.9249271912765,7.40740740740744,2.70374662031672
1977-09-01,-1.58388610409656,-0.321937605900531,8.90136327185243,0.0564121850319731
1977-10-01,-2.45149604180282,-2.95379323447359,0.810014727540497,1.46588987032513
1977-11-01,0.977976076447276,4.83756298105158,-6.0628195763331,2.35228746064085
1977-12-01,-0.0781401157728193,4.13865628808429,0.544323483670319,-1.68295331161781
1978-01-01,-3.73758783386625,-5.77110014250795,-0.232018561484908,1.60132523467698
1978-02-01,-0.976048737425375,0.725131204679279,-5.34883720930233,0.797101449275359
1978-03-01,0.185062056338778,5.72547927770268,-0.0819000819000855,-1.00647016534868
1978-04-01,4.55634145416176,1.71547881045088,2.29508196721311,-0.853304284676824
1978-05-01,5.28347821796473,4.36985668053628,5.76923076923079,-1.95934810474273
1978-06-01,0.63227617853445,-0.230341259435129,-0.83333333333335,3.23122898767279
1978-07-01,-0.407370266486483,6.00536335867015,1.60427807486632,1.93595078704539
1978-08-01,7.18696610727214,3.21832148032737,7.74436090225564,2.44941427050055
1978-09-01,0.0731512291124469,4.25657964145723,1.39567341242148,2.54677754677753
1978-10-01,-3.71168462334567,-5.35705945542012,-2.61527873365448,1.52052711606693
1978-11-01,-6.49999668914855,4.43808395841558,-4.31095406360426,-2.82908969878518
1978-12-01,1.80196541085006,3.08710033076075,2.51107828655834,-0.291145744134252
1979-01-01,3.87677167157576,3.54469060351414,-1.00864553314122,1.56303675712813
1979-02-01,-1.23042523595018,2.21041758890362,0.509461426491997,-2.94266869609336
1979-03-01,2.00654535675448,5.84757752497547,13.4685010861695,-1.65534065168147
1979-04-01,2.3327743574752,1.22342928455984,6.19017230376516,-0.779588944011336
1979-05-01,-2.23683001550285,2.38225168596856,-0.300480769230782,-3.07142857142856
1979-06-01,2.49077015825641,6.49746326505097,-5.48523206751055,-3.81355932203391
1979-07-01,1.34393246421827,-3.72649699396322,-3.38010204081632,0.727829917640296
1979-08-01,4.81234842108833,8.80559655991271,0.462046204620465,2.09165240540028
1979-09-01,1.13227656803976,3.33805226213651,1.05124835742445,1.58316260011174
1979-10-01,-4.22416718407032,-9.85335837295722,1.10533159947984,-1.83351668500184
1979-11-01,-0.419673062078405,7.62060952212098,-9.77491961414793,-4.18378782218901
1979-12-01,4.61032329508205,6.68090514350268,0.712758374910918,0.233918128654969
1980-01-01,3.46456970303141,11.8317642581777,3.32625619249823,-1.49747180085571
1980-02-01,3.39785344189489,8.13138038171324,6.71232876712329,4.81737413622904
1980-03-01,-9.88656723256054,-18.0153061689881,-3.27342747111682,-4.8220003767188
1980-04-01,-1.77682577974114,4.02485563924834,-1.52621101526211,-1.54363744310311
1980-05-01,4.98269204987547,5.4440540554994,1.01078167115904,2.43216080402012
1980-06-01,6.59140303842718,4.54524706729623,4.53635757171448,2.39403453689168
1980-07-01,4.7874515449941,6.59907342275695,6.25398851308231,2.74051360674586
1980-08-01,3.37442637443247,0.938845352192167,0.360360360360376,0.671516508114152
1980-09-01,3.16724917235419,1.89494186229996,2.21424296828244,-1.0746711135816
1980-10-01,2.80647897941964,-0.880072919063364,1.87353629976581,0.936504963476302
1980-11-01,3.96029685692978,7.23522978371982,3.79310344827586,-2.8205604008165
1980-12-01,-1.86661293250554,-5.55858514796668,-3.54374307862676,-0.992934886385308
1981-01-01,-0.578473865516026,-1.85304359324724,-3.2146957520092,-0.308582449373198
1981-02-01,-3.57743981853561,-2.117072206803,3.79596678529064,-1.23815051267171
1981-03-01,3.99888419831017,7.04558801938041,1.77142857142854,1.19490695396669
1981-04-01,1.50310840899532,-1.14226687468926,7.13082537900058,4.35540069686413
1981-05-01,-1.70447428532146,2.8091032461423,0.838574423480093,-0.426636987571873
1981-06-01,0.672532467129916,-0.425519352906911,-2.2869022869023,2.58941877794335
1981-07-01,-2.36707931509957,-4.54146955059654,-1.38297872340425,1.63428363900491
1981-08-01,0.354436841347451,-3.42473046719022,4.74649406688242,-0.232267286046096
1981-09-01,-9.13502080686868,-13.4740043460084,-6.5396498455201,-3.74283667621777
1981-10-01,1.51135406489717,-2.16627199456309,-6.94214876033055,-2.06511627906977
1981-11-01,3.01168433669584,9.19723003115131,7.10479573712254,-0.512917933130715
1981-12-01,0.438432298539236,-2.87511990020328,2.26644555002764,0.019094901661286
1982-01-01,-5.42761627452203,-8.56240789258227,2.21621621621623,-0.916380297823602
1982-02-01,-2.56936377866785,-6.46758930220325,3.27868852459017,2.79383429672446
1982-03-01,-3.47868616937964,-4.99658956286574,-0.460829493087564,2.00562324273665
1982-04-01,4.85827361466328,-2.49774849952449,1.49176954732509,1.06578463800073
1982-05-01,0.151339855801792,-1.5818676243565,4.00405473897619,-1.87272727272728
1982-06-01,-5.91640098231177,-10.2961251706395,-0.194931773879151,-2.0196405410413
1982-07-01,-0.440100721457058,3.2996780801873,-0.488281250000008,-0.605143721633887
1982-08-01,0.141708088067948,14.2658828528932,2.20804710500491,-1.27473363774734
1982-09-01,11.5985914861033,-0.70103885156076,7.2491598655785,3.14126035845057
1982-10-01,8.39776883254154,10.7383849039644,5.05819158460159,3.40059790732436
1982-11-01,4.78808353255312,3.62280444634844,3.15296122709844,1.12034694615106
1982-12-01,0.68803073504229,6.5152232213283,-1.85873605947955,5.66476054324518
1983-01-01,3.68160763571587,3.74805932341885,1.85185185185183,0.372061559276164
1983-02-01,1.78597787644567,2.89937828272138,2.52066115702481,3.42038753159225
1983-03-01,3.26416924347379,3.14250587216618,1.77347843611446,9.18866080156402
1983-04-01,3.54565285697947,8.56887099616892,5.66336633663367,8.23634735899732
1983-05-01,4.4169227340787,3.41078515556582,-1.61169415292354,0.716845878136201
1983-06-01,1.92005073845255,1.08731125937248,5.37142857142859,-0.465370928004392
1983-07-01,0.329277981454079,1.25256950432576,-1.55459146782359,4.40044004400441
1983-08-01,-2.87434696134971,0.220776390245485,3.04810870363568,-2.13382507903057
1983-09-01,2.91330514950485,0.66409191773152,-2.06699928724162,-1.50740242261101
1983-10-01,0.0875562851546475,-5.54093087638723,-2.69286754002911,5.68461328231755
1983-11-01,-1.4204284220643,7.61558269944263,3.1413612565445,3.0514610809413
1983-12-01,-0.511152876789181,0.451023066720728,1.95794053662075,1.59347553324967
1984-01-01,1.4010906591256,-3.27031950947167,5.86770981507826,2.80350747190317
1984-02-01,-5.86779664384342,-1.98673082531351,-0.235136042996324,-0.708793849110988
1984-03-01,0.0633648132732359,-1.55920043970032,6.49831649831649,-2.16575922565034
1984-04-01,0.00552395619546542,-2.46673103564079,1.96016440088524,-0.123670541676968
1984-05-01,-0.656894523966614,-4.02825242969175,-1.81561253992844,0.581971272907382
1984-06-01,-1.98295197295197,-0.39511155959187,-3.63549784384685,-0.923304197956424
1984-07-01,-1.34717006585625,-3.64485308022732,-3.6496769414379,-3.81461232604374
1984-08-01,8.03102781026345,11.6271571362483,6.27385378498739,2.31236274383155
1984-09-01,1.69697064071239,0.160749494518197,3.2592145576084,5.21464646464647
1984-10-01,-0.624542621132104,-1.64629176854116,1.46745311849181,3.56414256570262
1984-11-01,0.871705327928686,0.649312018221526,3.59087073944082,0.498261877172667
1984-12-01,-1.22136517171998,1.34217703733102,2.85049264022295,0.81863253776085
1985-01-01,4.60830159524746,8.11221790337162,4.36325911942127,4.52881976212261
1985-02-01,5.6685604928348,-0.00269744320917851,1.73677118349369,2.17724288840262
1985-03-01,-0.7725323272013,0.687095854303309,1.03236832986252,3.3408287825249
1985-04-01,0.710708047115956,0.861141835801298,-0.258528391050742,0.652782095119682
1985-05-01,2.23797854713098,3.83256618765914,2.59596405460103,4.00452954498661
1985-06-01,2.36923331161966,-0.870149946460746,-2.66551936876969,8.31436207067209
1985-07-01,1.92200266098208,2.436866359447,-3.17542347384091,2.02869414237412
1985-08-01,-2.28970800013554,1.48923918520119,4.42041099757389,0.868786386027765
1985-09-01,-2.26327172414181,-6.65713941233626,0.499697541840051,7.07689575563843
1985-10-01,0.894256181727315,1.61800740811093,1.91402175816311,8.08524753296294
1985-11-01,5.913387583487,6.8168563353322,5.92398681403918,6.60580021482276
1985-12-01,4.73410459899732,1.51968024415682,-1.17279716144293,3.25296869377475
1986-01-01,0.69379589126591,-1.98717506722746,0.665903346423772,11.2706489161497
1986-02-01,5.21979525703029,0.452697188845418,5.73725524526542,-4.0152843898772
1986-03-01,5.96408478330264,6.70313008827556,9.19149974143032,3.68726750636298
1986-04-01,2.46700616195599,1.03798166221458,3.1545764637823,6.87311178247734
1986-05-01,0.0684040207790726,1.39920555784714,-3.81034182356721,-7.23792697290931
1986-06-01,2.51158058756877,-1.16817266021133,0.304402427332493,-2.41889403847375
1986-07-01,-1.77327300668061,-4.86695835358937,-0.900772957712884,-6.12231620039038
1986-08-01,1.87792561824793,3.16386913907465,-0.671696057738119,8.76706632476263
1986-09-01,-2.7335027638171,-1.61482068555576,2.46471424255227,2.08359882757744
1986-10-01,-0.235595858441731,2.00013425972542,-1.94856075948596,-2.90868235440984
1986-11-01,3.00072793654305,0.260292409399491,2.73313665342124,1.02217936354868
1986-12-01,0.905032823484722,0.63607719574635,0.126986648581005,1.64821178566884
1987-01-01,6.37086506839712,9.21896300934715,7.58890432215356,-6.28560696174794
1987-02-01,5.99505516786021,4.48153843856846,8.50151249155975,-9.50631304696373
1987-03-01,3.86861034474175,6.87467311435208,4.89865077590545,-1.21807175549977
1987-04-01,-1.536315087593,-0.607840148470244,-1.72798789506947,4.693221732307
1987-05-01,-0.533134722396644,-0.847516909980241,8.95854050802304,-2.10578913555574
1987-06-01,4.03408923442896,1.49108334871,5.44931247564435,1.67711827329739
1987-07-01,2.7746829826225,7.75789465241071,4.45423866597009,6.49024670109007
1987-08-01,5.68026365605111,-0.911831478655718,-4.66074512253372,4.71412216310862
1987-09-01,-3.12240054544658,-2.28440504807692,1.97261998147484,-2.64325680108046
1987-10-01,-11.9393149503822,-22.6298377652555,-9.11481278076956,-8.39608931166602
1987-11-01,-12.6769363375499,-1.35562569760239,-21.2378039711056,-23.9850003605682
1987-12-01,-1.69647775415513,6.10104957795283,1.68728063327958,-3.60497106536382
1988-01-01,4.19870995648632,-3.25406243572097,5.5200473106295,-4.24170849325855
1988-02-01,3.26467221724646,4.82824265182093,-1.17558934398177,4.95375128468655
1988-03-01,3.26858648500887,3.39986832374885,3.4902930518,7.23658441049746
1988-04-01,-0.947549854801765,0.783996571901062,-1.15941878529616,-0.538763583234421
1988-05-01,-2.33537418844587,-2.71126454815752,-0.223691963233567,-3.13073815644508
1988-06-01,5.33417041522008,5.91711241467183,3.62849943109459,5.78144251729694
1988-07-01,-0.397161469175997,-1.88145797738181,0.479769058411079,3.87958068273451
1988-08-01,-1.88334930103733,-2.69224960242602,-1.39143211992934,-0.27600483008452
1988-09-01,1.48812139759218,-0.064215325246059,-3.08105718557372,3.73637778930981
1988-10-01,3.22709450866858,3.40499008743158,3.89185973071092,4.53560113390028
1988-11-01,-2.35895671909111,-2.96979549524078,-1.34889502820831,-0.175466581591957
1988-12-01,1.75254522135489,2.89284543567205,-2.65819430102983,1.52604666027484
1989-01-01,3.25347563989444,6.68586043026675,6.8959435127808,3.95057842134256
1989-02-01,2.9139970710833,-1.23097681826226,8.11009499932034,-0.00757059580587441
1989-03-01,-0.289004520220683,0.170766939520505,1.4110748777634,-0.446698970321018
1989-04-01,2.89526711999141,1.38700247609147,-0.40567564775167,3.01163586584529
1989-05-01,3.50145764324594,2.19386137795113,3.43514345237806,0.0885935769656798
1989-06-01,3.11757024268924,1.44223507325809,0.503427333856205,5.69447517887438
1989-07-01,2.40268600678421,5.58083017142128,4.63350567116144,4.20127015144115
1989-08-01,4.23060303997956,0.992243376649545,4.76791431156547,4.97622396356574
1989-09-01,0.0295346179155346,-1.67323325519924,0.956540865166207,3.1899961720046
1989-10-01,-0.260638098729019,-0.618802465065562,-7.3812209827735,-2.7575120563868
1989-11-01,-2.09707312720156,0.614999872406668,0.204034851135081,-2.89292980671414
1989-12-01,2.21045505924925,0.684538906360958,6.9371280098048,8.1058076343875
1990-01-01,-2.66696749621877,-6.68272125225767,0.394260666663546,7.03773242081034
1990-02-01,-2.63317634541471,-0.477797273586182,-2.9924269328598,2.26899790641094
1990-03-01,2.0369916255079,-1.2802430291852,-2.10962314828903,2.2739847294456
1990-04-01,-0.349269318911734,-8.20419826354545,-2.54369579918557,1.34703813903164
1990-05-01,3.08912972311283,7.21310984735108,1.79046786420821,-1.81488203266788
1990-06-01,2.78545287661879,-1.06058364205371,6.5637815716271,-0.288137436120479
1990-07-01,-0.0121588830299825,0.485327313769739,-0.634067984443108,5.14693855296875
1990-08-01,-7.73325056161207,-6.03448275862068,-7.0642143570578,-10.7078039927405
1990-09-01,-4.53203371083582,-5.5852732869139,-5.19506659598434,-10.191637630662
1990-10-01,-2.98598627989481,-2.47325441539533,0.52240268463667,-3.61461364371161
1990-11-01,2.47819872160798,2.26660521994248,-0.10562146137401,-0.221387360794321
1990-12-01,4.2698305274202,3.35438418330108,3.56122071650752,0.880790694547162
1991-01-01,-0.903027679223422,0.497420781134855,-2.65531335722174,-6.02505998400426
1991-02-01,11.127786375343,5.78582340360524,8.15155568981139,6.98581560283688
1991-03-01,2.94195247703653,0.962635420246829,7.52493021296019,3.12893602916805
1991-04-01,2.03731812518062,-0.766656177589607,2.62741028659133,2.5004820980909
1991-05-01,-0.375322322897433,2.22837210643142,-0.829393760322425,1.71829926000249
1991-06-01,0.184689075714735,-2.26665162709378,0.0728327320439162,2.63255240443898
1991-07-01,0.471417668601506,2.12994327460743,1.40150123444571,-3.88057908331832
1991-08-01,2.41966659501371,-0.614469268061148,2.78232209016984,-1.75614024123492
1991-09-01,-0.366902053686602,-3.69568121800284,0.832989992766954,0.362595419847336
1991-10-01,0.25876194302766,3.77463192320862,-1.57507570839482,-3.87272612030171
1991-11-01,0.0708520305794084,-1.91281543677612,-2.93585734389107,0.441777660556514
1991-12-01,0.475243752031722,1.85152428150128,-3.77613012741672,-3.66309984901201
1992-01-01,7.03558128765539,2.38472138391282,4.55057420307296,4.25894378194206
1992-02-01,-0.532563315346826,-0.394313871617184,0.917536762252427,3.69281045751634
1992-03-01,-1.27422998269316,-4.74044791370041,-1.8901996360505,1.5001575795777
1992-04-01,-0.294344245122286,-1.65819690868487,2.17248502601319,0.0248400919083428
1992-05-01,1.80740420846901,0.964667596466751,5.9970637572202,0.738809213385472
1992-06-01,-1.7194229568312,-0.00678880614416252,-3.62280811716386,-0.468384074941451
1992-07-01,1.55461279788736,1.64477374029578,-6.18883194743416,-5.31269349845202
1992-08-01,0.833720971795076,-1.17615626324991,-4.0580000284724,-9.14203505100705
1992-09-01,0.0254468709859041,-3.0867607819167,4.62027472784241,-1.98646897941557
1992-10-01,-1.37274475945137,1.15953279076254,5.49181695179137,-3.86253488030549
1992-11-01,2.58535562699457,-1.59736460319172,4.86369219133296,2.51298502902536
1992-12-01,2.84988058324119,2.05950353810585,2.39910270609938,-0.685492884285811
1993-01-01,0.082278940967322,-1.34221176920049,0.442232434721044,2.34826318553528
1993-02-01,1.56064781465642,4.42357667744679,1.78762780929582,5.55637003371941
1993-03-01,1.9336762987085,4.36742581170384,2.00032423043875,3.31249999999999
1993-04-01,-1.36885368533895,5.19009338115276,-2.05498674783059,-1.0015460106204
1993-05-01,0.529209720221929,2.46133303073566,-0.258293445467628,-2.10483432916894
1993-06-01,0.466678763124388,2.15546993313897,1.57499983516355,2.02524622000276
1993-07-01,0.277852290436686,0.0216822938858452,-0.833606089498823,5.62202583276684
1993-08-01,1.64579760046368,4.29317181005386,5.912319468966,5.54804659844244
1993-09-01,1.16302587831619,-3.55137702263415,0.287582184772957,0.0426855296054465
1993-10-01,1.04703261050222,6.6388346643746,3.20970413471961,5.49798854077777
1993-11-01,-0.621433772682801,-1.77016312853362,-0.433939674676486,2.4324012017564
1993-12-01,0.70261524454019,3.37829917635717,6.49490533530975,4.54058322522423
1994-01-01,1.69902358760666,5.40145275985032,3.54919647694335,0.0917233193050439
1994-02-01,-0.0536117616900991,-2.87627474011219,-1.01681874746816,-1.46622823567462
1994-03-01,-1.77216540590631,-2.12982386343086,-5.60247935153844,-0.0765906231194272
1994-04-01,-3.63458213135316,-1.44354469907289,-2.34490943478833,2.93457432247467
1994-05-01,0.64228743133166,1.3978983483005,-1.33208826011385,0.579756395936393
1994-06-01,0.660112518223581,-6.96870875965214,-3.52479714715608,-6.1872025383395
1994-07-01,-0.763154787402872,3.81889323644496,1.88655456844725,0.338218714768873
1994-08-01,2.72422666146931,4.0806705958645,4.673988865016,2.75842696629213
1994-09-01,0.593889291633014,0.107598574548816,-2.52177631212022,-1.76589579574653
1994-10-01,-0.926630234862626,-1.43609129617977,-1.66457610500242,-3.773374888691
1994-11-01,-1.07288112911409,-4.61920240466955,1.31575152198109,1.14517061885481
1994-12-01,-1.5158012324586,2.93642708646339,-1.95132438433949,-0.548947849954266
1995-01-01,1.97500733012274,-4.65467852981173,0.055350129690503,-0.649724011039552
1995-02-01,3.27328530143546,2.67157521630475,0.772043676939074,1.37160715319174
1995-03-01,1.88873839006292,4.57718052467869,0.870477047352117,-4.35030828956382
1995-04-01,2.83542126223727,-0.791448461961061,3.90283672750358,-0.954995821893282
1995-05-01,2.70823169735777,3.95305960784862,2.81194137107202,3.75436904905387
1995-06-01,2.73804093317021,1.76480902028483,1.92304350470501,2.39298367892199
1995-07-01,2.98928551167948,1.94161889930752,2.23613665603192,2.21793635486981
1995-08-01,0.627208164847296,-2.13107116932643,1.7644649461972,2.26970033296339
1995-09-01,3.45292201268117,0.288927756990706,1.35696873876843,0.314721363069072
1995-10-01,0.441005918214427,-1.55836414813179,-0.0699275259802602,-3.99199437442527
1995-11-01,1.8606735969763,4.53044968110588,1.37362354503753,-0.371851935320284
1995-12-01,3.24925450395481,1.12332070419934,1.92403154116768,2.72012667533786
1996-01-01,0.404654293232755,5.40761296180791,1.84934680577561,3.90883065404099
1996-02-01,5.23496566243744,-0.698611030043705,0.575507986067974,1.82791141252516
1996-03-01,0.0797827012103514,0.75217077580407,-1.08548323813114,0.556740725323896
1996-04-01,0.222037261754225,3.53341393690793,2.56430020283975,0.921039014798707
1996-05-01,2.11193534376232,1.94171927554225,-0.894057487061988,-0.302502050861362
1996-06-01,0.979041998781311,-3.85654925282098,-0.648932045723505,1.84623296477244
1996-07-01,-3.57175737269978,-2.27831889723973,-0.718027872047439,-0.858412441930924
1996-08-01,2.62517672349265,4.34719982147024,3.62924497501312,0.870938168483248
1996-09-01,1.79781694038262,2.87045804064602,2.22145647819443,1.46932592779602
1996-10-01,3.48353763993322,5.81640386538072,2.39086940178317,3.0404060509554
1996-11-01,4.07340347815871,7.46317974144554,-1.27938985963245,1.33288260008692
1996-12-01,0.735252245732043,-1.48986067043731,1.74685462161891,2.52585426297479
1997-01-01,3.0572849266151,3.07995741543404,3.10057444972156,3.93715427880818
1997-02-01,3.71219063957784,0.789906998517081,3.66107596836608,6.9767441860465
1997-03-01,-0.441950836187395,-4.9955828667195,0.76945319642866,5.15050167224081
1997-04-01,-3.7709324577282,2.1607734409988,-0.856821850266159,-0.250477099236643
1997-05-01,8.07026786982225,6.78459265505812,7.19084650150934,5.82326916178406
1997-06-01,5.46971645552211,0.871497245429416,0.57933092189676,3.89453860640299
1997-07-01,5.22171539778689,6.83376464411424,4.16081184939166,9.11760440835266
1997-08-01,0.12433356582714,-3.86598387828454,2.12080118148234,0.930263463902482
1997-09-01,1.70494648274697,6.47993962300677,1.31025831184862,-3.54521215313212
1997-10-01,1.94071952071934,-2.81056158676634,2.68994715055318,0.962391645621453
1997-11-01,-1.43486859338484,-4.81675912989085,-5.80928780273459,-6.01676581936179
1997-12-01,2.55498090884869,2.86605719830855,4.97908857769658,6.09984174938857
1998-01-01,-0.104109041808675,0.0113442317566836,3.03805193273567,3.0915254237288
1998-02-01,5.55868406350868,5.85489985373571,7.89712401438901,6.56319873734054
1998-03-01,5.36351470436206,6.57047101934583,3.63725085696349,6.81621821772403
1998-04-01,3.09526859876257,1.40887742276905,1.92278195867694,6.6528006470809
1998-05-01,-0.620935216213319,-0.981214587364098,-0.632419712903771,1.86619718309858
1998-06-01,-0.819203891076136,-2.93671226306955,-1.51396945795236,4.12667180728018
1998-07-01,2.9193403073677,-5.91104251590562,2.43762932011358,4.15209008963
1998-08-01,-8.05391517461495,-20.2082398581534,-7.23941856362798,-9.34856694535024
1998-09-01,-6.04660091409771,1.5081246349926,-6.94580098299114,-10.9752799264348
1998-10-01,0.97279258456863,10.5833149273617,-2.05104218229204,-8.20573581237091
1998-11-01,10.3170009598699,2.18401876204037,10.5007256909559,10.1704451431408
1998-12-01,2.07479502447236,2.23948473092922,1.62054750687619,-0.57077625570777
1999-01-01,3.37988994982763,3.75612478684663,5.09262678808216,6.29947428847664
1999-02-01,-1.13029220371826,-6.19461004879963,0.584771345953023,-2.1800301281869
1999-03-01,2.54606953829045,4.51629970741475,2.62466260375237,-1.97291957229196
1999-04-01,3.98564607742659,6.31893406731649,4.72262163034639,4.18235172066278
1999-05-01,1.25258157525115,-2.46482386987327,-2.1336074034788,0.711278024354144
1999-06-01,-0.95771691659605,2.45944049811453,1.64165264707475,0.533928470535063
1999-07-01,3.06625295931923,1.01225808016183,-0.0465451541047769,3.89468064180742
1999-08-01,-4.28562984416161,-1.55655321330371,-3.29951492381261,-4.29232142374166
1999-09-01,-2.11811498802771,-0.187783055340776,-1.51303379662694,1.21516984118014
1999-10-01,-1.45221318640145,4.2901985133061,-0.747700497723925,-0.237324100960469
1999-11-01,5.87246298255811,3.67973958893195,6.85696402688101,7.50048977078726
1999-12-01,0.62293262046848,11.8369370602786,3.58104046242775,8.38822212387074
2000-01-01,-0.526489614543553,0.485039370078716,-3.36884023679206,7.35474263204672
2000-02-01,-4.68003706606042,8.65083457920935,-4.84981766213285,10.2539433941157
2000-03-01,2.83829827138882,4.31964032027173,5.87422230566543,5.08746296521776
2000-04-01,3.88400863248122,-4.65857921786544,-3.6060757078695,-7.27623829294198
2000-05-01,-1.06197771587742,1.75234475987625,-1.42635796605224,-2.27419455609472
2000-06-01,1.56814441419712,7.06109764716133,3.85222415105145,-0.076718167288216
2000-07-01,0.539976298694679,6.15190005686804,-0.336944448317351,-1.16445221693787
2000-08-01,1.99322029971432,3.45295618140775,0.782333227633624,-0.41645987527783
2000-09-01,0.212534570586443,-1.05215389626311,-0.324200103336852,-1.99783315276273
2000-10-01,-3.14966430687408,-6.22119730447455,-2.61534390797556,-5.30865835323251
2000-11-01,-0.124630460445196,-9.32850463511644,1.06790856122322,-0.936325215401497
2000-12-01,-0.0877309895440417,-1.95704015754626,-2.0682867932122,-6.0293216423891
2001-01-01,0.83762112083498,-0.700305898585391,-0.554158920963322,0.476572689876584
2001-02-01,-0.387129225276352,-2.98494792760352,-1.23217439311416,-0.968595536472115
2001-03-01,-6.88201324828047,-9.47053080472686,-6.61936679627552,-7.72372069573985
2001-04-01,0.558094485819584,-0.775012399689695,0.951445809070271,-0.122930667103745
2001-05-01,6.2209234365868,4.40941995549951,1.90385538951794,3.0004649763409
2001-06-01,-2.12518707632714,-2.98151651262736,-2.11855899877159,-2.23591268787506
2001-07-01,-2.68268331294524,-3.14716239145371,-5.05209401605408,-3.63972186006086
2001-08-01,-1.53459619416447,-0.681030180623886,-0.30847190159654,-5.54177472093809
2001-09-01,-8.80351815318858,-8.2272162263481,-10.253674553214,-17.2157564905998
2001-10-01,0.859455815222134,-0.819408970643431,3.53659260229293,4.04095021808874
2001-11-01,3.49986478143067,5.27760155264377,3.60254781098137,7.17206014829186
2001-12-01,1.29939491942666,3.59134716355915,-1.17142791741061,1.87184792447951
2002-01-01,-0.193212106660862,1.61118060487846,0.213862043540609,2.19923201421726
2002-02-01,-2.09954000942737,-1.70965137978384,-1.2555879344914,-3.57409017513354
2002-03-01,5.45878969904351,4.31490501026252,2.4680112350784,6.46958425916982
2002-04-01,-2.18894444514414,-1.21146985316096,-0.838135049578065,-1.71798439295868
2002-05-01,-2.00213105677239,-1.34902344504383,-0.767665521279244,-4.45005231735089
2002-06-01,-5.46293087448612,-4.57642071852913,-7.77066958646318,-9.25985570729193
2002-07-01,-10.4842352516036,-8.14356794489897,-11.1067996190972,-9.18610016682641
2002-08-01,0.935482744030962,-1.79118344666574,0.561573727787758,-7.50439710768027
2002-09-01,-3.99240859743646,-3.53536195805596,-7.16067284702327,-11.6712444538348
2002-10-01,-2.60945846076199,-3.36301656204716,0.308589712159849,-7.61134765344687
2002-11-01,5.12040635860736,4.94034569571751,3.35506888523831,8.04163214581607
2002-12-01,-0.730873742343529,2.36527377633269,-3.74736718932835,-4.04984423676013
2003-01-01,-0.368127417806882,1.65976548602227,-3.92238802946034,-4.98001998001997
2003-02-01,-6.28069585513238,-2.87842639669505,-3.94307089250269,-9.8302055406613
2003-03-01,-0.293998463525623,-2.25546270029901,-0.164658292877688,-4.47152101673175
2003-04-01,5.3886486360625,1.75153465183445,6.25139159572392,11.3328451116807
2003-05-01,5.86571756822984,3.75112163624757,3.13194474986611,3.46982404209835
2003-06-01,5.93097821962509,4.43846071543208,3.34387754334121,7.68700995973724
2003-07-01,-0.284593107079701,1.41917234392518,-0.985268309023261,4.59487381315491
2003-08-01,0.239783602034643,3.41775419555599,2.51991860949722,3.59813743473966
2003-09-01,2.93036748750642,2.66354106891643,1.2690434229499,2.18832289112869
2003-10-01,2.6108860614058,1.26999774040565,1.30981166292009,0.0399857828327526
2003-11-01,1.67939345716859,2.02574688406857,1.37492046251773,5.99102900031088
2003-12-01,4.25319268926715,2.9599352354302,1.09117997342173,3.66211346685662
2004-01-01,5.04922146699336,5.15879078768727,1.6868779680137,4.96766370250606
2004-02-01,1.50980075505274,2.53642875367358,-0.624685476565925,0.234895452270032
2004-03-01,-1.32270129433518,-0.743153963391808,0.0807990781252998,-3.10795236265848
2004-04-01,0.433780752119859,0.41503889248684,1.49458813369884,2.557392648983
2004-05-01,-3.42921007319101,-4.4554787316426,-1.31636964705517,-4.77074151395655
2004-06-01,2.69161950373461,2.00620830984451,0.551444173013364,2.51705099058137
2004-07-01,-1.53501504931686,-0.0607197664186633,-2.58199503385198,-2.42753049263427
2004-08-01,-1.47519754340528,-1.67021476054518,0.569144266496144,-3.30776411380331
2004-09-01,3.10381357599685,2.48964858905833,3.94801619137916,3.7441235728677
2004-10-01,0.903357399454367,3.54637737986321,1.85123466805826,1.42417866968765
2004-11-01,4.96506374467028,1.59123654306047,2.13081544916546,3.40673368437851
2004-12-01,2.88756625387577,2.28001325315773,0.141437349156331,2.64254301365634
2005-01-01,-1.12586075248856,-0.46238485522705,1.57971398862522,1.03732100575036
2005-02-01,2.64804195378113,4.77924522493283,3.58668106118847,2.33604880407694
2005-03-01,0.344552930149337,1.67946156493709,-0.811762352470496,0.385300425284438
2005-04-01,-2.62975074045999,-2.2191170384803,-1.42384065891958,-1.63305210558714
2005-05-01,0.285109996227725,-0.0376786569933474,0.775601392849976,-0.62946329971289
2005-06-01,1.98375633087495,4.10588209209092,2.52876223422723,5.32320800148176
2005-07-01,1.98136196359697,3.76139559459928,3.51959986456222,3.78095104108047
2005-08-01,1.36188957776548,3.2633014206753,1.51815976924432,3.38224828006913
2005-09-01,1.32474846083017,3.27745027884735,1.60436069570657,1.52106212096377
2005-10-01,-2.75426467213397,-3.82790862216551,-1.84754550714317,-0.158222738867901
2005-11-01,2.97942692686924,2.41330117377312,3.12227820885595,2.55821474773609
2005-12-01,2.59189164628582,3.8395794077279,1.71192281690452,4.61038756267543
2006-01-01,2.65696669067269,4.34728452655974,2.79773688088001,3.37925421276339
2006-02-01,0.632137336994855,1.07999391988155,1.74839450144123,5.3274625298886
2006-03-01,1.57954973326226,1.7116004985442,2.27442984261367,2.13726087317627
2006-04-01,2.08922065879325,2.64965882123971,1.90442513639119,2.30124955953705
2006-05-01,0.0412216960331194,-3.11133425665681,-3.31466151126092,-3.54512214509036
2006-06-01,-4.34769589006966,-4.74972263259253,-3.13178268077179,-7.04592901878914
2006-07-01,1.56444295286886,2.78104515803637,2.92199257240144,1.58988149768018
2006-08-01,2.27309716269731,3.21255338241628,0.75595637051804,2.83910754283388
2006-09-01,1.09585672125458,-2.02394993570738,0.311852964644761,2.63061126354198
2006-10-01,3.16285426042658,1.44306265233389,3.48145384237037,4.46214480610755
2006-11-01,2.4216825549849,3.88709039408641,1.08795237790857,3.18716690412117
2006-12-01,2.57016808287559,3.36659869766782,0.0903084593247065,2.27563283047813
2007-01-01,0.492394567044885,-0.675750396790155,1.03218365482431,3.4
2007-02-01,2.37994347962717,3.54828415441081,2.01457742775419,3.63394584139263
2007-03-01,-2.45744811691542,-1.36480212867939,-2.4671954786419,-2.60131115414225
2007-04-01,4.70639444683831,3.86709114875015,3.62746567274333,7.37999425122161
2007-05-01,2.88466170042994,3.00906147910539,2.18385835709911,3.0828258493386
2007-06-01,0.729545153837547,-0.0142786211013528,0.40631477068325,2.84997078617644
2007-07-01,0.91532972684597,1.78429313961389,-0.546835688606779,0.44394883016329
2007-08-01,-5.47810928984727,-5.3987818299624,-5.8335416069785,-5.894551624458
2007-09-01,3.47557952807282,3.24881146951481,2.68696523274462,2.19254312743463
2007-10-01,4.00028663414736,2.61625913561311,4.00559800287467,4.33892398170331
2007-11-01,-4.26642728056604,-3.35975858527596,-4.15439260040491,-3.51342323911317
2007-12-01,0.870049805261852,-0.477778982819893,1.7485834260852,2.31290162054565
2008-01-01,-6.48784465623567,-3.14914213705476,-5.99808568427465,-8.13948570461851
2008-02-01,-1.48092273716728,0.786642854176186,-2.30705654825859,-5.46743709569741
2008-03-01,-2.92913925969363,-0.925484695636005,-4.24880670983548,-5.66432885252288
2008-04-01,4.56709534833092,5.05369432050214,5.91162427416762,3.97800609220922
2008-05-01,2.72277389607699,5.31665616845136,3.17640934603139,3.00901214032126
2008-06-01,-4.53018870126879,0.608142284925296,-6.56005718037366,-5.1143621508279
2008-07-01,-6.30478927905729,-7.19543820577397,-6.97544420734927,-6.62958165053723
2008-08-01,-0.801093273450014,-2.11761760332775,1.71863052792357,1.04464212845834
2008-09-01,-5.42177895769058,-6.43165552641164,-4.31451517030356,-4.9242118299545
2008-10-01,-22.4866667846784,-22.1188778377186,-18.1516871221345,-20.8500877838818
2008-11-01,-9.81617808981158,-7.1803114136777,-1.35682675354096,-6.62230331651819
2008-12-01,-0.083022526417085,-6.46968998342492,0.995987168408726,-2.70881226053639
2009-01-01,-0.692248231816262,5.13736890576583,0.533283950848799,-1.05147087780098
2009-02-01,-7.77645516871772,-4.98731609461654,-5.003765648426,-6.46740428241663
2009-03-01,-6.31464720637096,-1.60444895220265,-7.70561856770827,-7.14437683502829
2009-04-01,12.667414952782,10.9319634450557,7.45725660398432,13.9308954266337
2009-05-01,9.01440417069279,8.62609035070124,8.52859942979331,5.42192904834688
2009-06-01,2.81954822640212,3.53105695146893,-0.821161849381453,0.541777947348307
2009-07-01,0.500865404534847,-0.731853814345735,0.580791126725582,0.440194292653347
2009-08-01,9.3350311356103,5.03652740089235,8.87941479026176,9.19601027656033
2009-09-01,3.85393132010984,3.96940904081015,5.67276865290903,4.13120199294169
2009-10-01,2.27928194347252,0.478911443626741,2.54434625043711,1.98365231259968
2009-11-01,1.43579980962877,1.00804560058769,1.57134608752259,-0.87967940572767
2009-12-01,1.19463894133484,1.60611777612845,1.43677941658974,3.5992505670052
2010-01-01,1.21776744030389,0.546515478712024,1.7697833609147,0.637730820483533
2010-02-01,-4.19471940374587,-1.75123191793218,-3.32224010525323,-4.83306535514991
2010-03-01,5.68996731457527,4.47213666617777,7.43704032171746,6.62558802093687
2010-04-01,3.46278704628387,1.58848608727188,1.8130161429776,4.24097433666811
2010-05-01,-7.95200654360584,-2.9153159170606,-8.49145455212627,-6.15778963369199
2010-06-01,-3.31329905552691,-1.0358045214456,-1.86233642736163,1.37525805939335
2010-07-01,0.437220642015455,-1.14381896838831,0.368717214326869,-0.169183532802803
2010-08-01,1.83821906804719,1.5700766547988,2.27997495342537,0.966608084358531
2010-09-01,3.21772130321037,3.70996925270253,4.52236542835484,1.80280989680467
2010-10-01,4.71824470995922,3.32904161487007,3.12932941645813,3.82877381533954
2010-11-01,1.66957358513261,2.19082469821854,0.829586595793692,4.70505204963828
2010-12-01,3.0784520189771,3.43823701395525,2.55024545066135,4.27175195191822
2011-01-01,3.26465805834528,0.830799734132036,1.48930634511163,0.899614835564416
2011-02-01,3.35632882315457,3.91051693298176,0.884525742396749,3.01380101972718
2011-03-01,-1.12593962726774,0.0998636394333516,-2.72464856102681,-4.38455558434826
2011-04-01,2.37976115377086,0.214959146996175,2.64456855235952,3.58827036695756
2011-05-01,-0.692186928243466,-2.43983490452866,-1.1279483682092,-0.32442049081682
2011-06-01,-3.6175897949141,-3.64149297908701,-2.55400833446893,-2.75867499606278
2011-07-01,2.27804422651693,1.28994805010776,2.03084158296186,1.72753529300617
2011-08-01,-11.4676316071879,-6.67733198550178,-10.9079648922723,-18.4652532703585
2011-09-01,-3.212859063218,-2.06227609579574,-0.696463741911472,-8.14566519135642
2011-10-01,2.09077080463295,-2.01567343687381,3.44496509515157,7.44375553587245
2011-11-01,1.0232872275174,1.10230850696618,-0.11278292799272,-0.603442590516396
2011-12-01,1.05467241710998,-1.42389816316223,1.49060068264439,0.461135255283151
2012-01-01,4.24527346592696,3.77494275984753,3.75411495426817,6.90178984215048
2012-02-01,4.56507041815718,1.89701192808879,3.59384695432677,7.73816878784131
2012-03-01,1.15501474579148,-0.671169821425144,-0.304411420349087,2.36832296355765
2012-04-01,-1.49129273124895,-2.64858368327394,-2.55318786806005,-3.13979217432708
2012-05-01,-4.2139478803473,-4.16683836194464,-4.46310207688908,-5.62720490428546
2012-06-01,-1.95342813465976,-1.14066544550792,-0.189950017002256,-4.7309719328349
2012-07-01,2.87939370596699,1.12964370901714,3.24207294847303,5.58342982117585
2012-08-01,3.07103085568432,2.44505192025819,2.83155946895838,5.57755574509565
2012-09-01,3.18123437435641,3.01433193084333,0.161661263580325,4.1691912634525
2012-10-01,0.24145531262172,0.590197713381224,0.45422913680964,0.567804121426982
2012-11-01,-1.8995957279913,-1.44232561229965,-0.759455469228258,-0.388333471040243
2012-12-01,2.96662972116189,1.10776951422242,2.38772393011168,4.67540367175404
2013-01-01,4.5076311938114,2.9327723712628,3.79161315690441,2.3349797934441
2013-02-01,1.7288269286829,0.599513847908801,2.69836546950682,-0.438788942518641
2013-03-01,1.60460197914769,0.325886883484845,1.86975072628969,2.80247841754595
2013-04-01,0.560079720667975,-3.7321598812772,-1.10561120220063,-2.40328844504969
2013-05-01,3.82987194532464,2.33487490202582,4.38246761512482,5.20141598408309
2013-06-01,-2.50338173155248,-2.89917712311691,-5.16020342718806,-3.02107383209706
2013-07-01,2.66403016047195,1.98822887338062,3.46729783488347,1.02573194205248
2013-08-01,0.500989491285078,1.26279441803148,0.0351342850786758,2.4818872370829
2013-09-01,1.31772921791287,1.49938756851231,0.494161168318469,1.94965630274713
2013-10-01,2.27826867793692,1.86908665708642,0.298823629959261,3.52241097994049
2013-11-01,2.69190396494662,2.64786383990829,1.86215942324491,4.21379566104209
2013-12-01,0.466855995012822,-0.303446978519088,-1.64811362468481,1.02975846270185
2014-01-01,0.937252538146058,2.75550843364834,2.01033112140207,2.59768849752338
2014-02-01,-0.643720287581083,1.78912867327724,-0.347212399592037,-0.111576011157607
2014-03-01,2.27817569166796,2.236242185358,-0.916475796462891,-1.66262109853284
2014-04-01,0.941403309314952,1.13357630756194,0.269011368142957,1.00045872561655
2014-05-01,1.29163226245875,1.29465410808101,2.76470667851713,0.746155676190049
2014-06-01,2.41349128385829,2.25751748263701,-0.42526601076774,1.74101584302951
2014-07-01,0.728011334198383,2.02205673469688,-0.474552158852261,-1.96442512607347
2014-08-01,-1.31130945227978,0.773503539928523,-0.838892974326714,-4.87279927682837
2014-09-01,0.846647725176198,-0.0989527393395013,0.931318603587976,3.4933707407575
2014-10-01,-4.21517025881389,-5.95599595466833,-5.44620264837151,-6.55415154562547
2014-11-01,4.27040587812292,2.58873810003273,3.67473808713886,5.89556428972487
2014-12-01,-0.864126522410501,-3.1707764577639,-1.4396187907503,3.49505125486038
2015-01-01,-1.27981862846089,0.794025650135492,0.983130410614992,3.31938692737906
2015-02-01,2.69435860770416,4.78150045477542,4.01763233704076,8.19404557757072
2015-03-01,-0.507765476503987,-1.57593746908084,0.0869371798916382,6.89747359978613
2015-04-01,1.55992251221622,2.44806515127754,1.62117565375025,1.35586559245431
2015-05-01,0.53732990865933,-1.05024769622559,-0.169379598977717,-3.86160950333108
2015-06-01,-1.19109344136121,-1.91989856091896,-2.87932740286387,-3.71239481548025
2015-07-01,-1.42433563081482,-2.65848202098827,-2.01336543238632,0.635923993755
2015-08-01,-3.00283567890058,-2.83398538932937,-3.01733216983121,-3.51710307249887
2015-09-01,-5.49068459801634,-3.95232974373996,-5.56480325160369,-7.24748514618507
2015-10-01,3.7288496585203,2.10689861644815,4.16388767507648,2.44180884125071
2015-11-01,0.993133105405391,-2.45175157812432,-0.534789719294556,6.72775301304276
2015-12-01,-2.15748064721544,-2.17607170339515,-2.16524758597726,-2.21401500502746
2016-01-01,-6.64113690116217,-5.63635435997524,-3.76721542086822,-7.32435585612306
2016-02-01,-1.08378976809229,1.84443063614136,-0.945622098085344,-5.72471035056651
2016-03-01,6.74752273479888,6.02664245201839,4.61343071948097,5.87995654535579
2016-04-01,2.80529480253862,2.01254759529336,1.9307372393383,1.48133897652945
2016-05-01,-0.000967160079479629,1.49886266652502,-1.5736883140489,-1.32069510268564
2016-06-01,0.710482665905814,1.35323476447047,0.0341800592562481,-1.91897199453551
2016-07-01,2.53742709770851,2.74489333762508,7.782132042168,0.935820148425428
2016-08-01,1.04878370873074,1.72339822385671,2.5020019922264,5.45074279307445
2016-09-01,-0.809334597571068,-0.240042952903069,-0.126788227016896,-0.0163575766250248
2016-10-01,-1.17559772710922,0.475503899582763,2.89781691432765,0.940714534039555
2016-11-01,0.81004313548248,0.754473034675581,-2.96482770424465,-1.01298648676028
2016-12-01,3.99525401790529,2.96358366527412,2.46114770266915,5.37055608997322
2017-01-01,1.13622322574477,1.41758369929455,3.40665378430215,3.66722995940407
2017-02-01,1.8575674694723,1.11212907494224,0.446433526075727,1.07923778831199
2017-03-01,0.769837566287199,-0.858677350611679,1.64507031360059,2.33933304910375
2017-04-01,-0.485759116997479,0.784001825298553,-1.21651790263779,1.55952833777102
2017-05-01,1.03807346137694,-0.967646421191902,2.04374140302612,2.50044587123239
2017-06-01,1.41918859810193,-1.14157669060288,0.611842158472384,0.0713390868596873
2017-07-01,1.14492142403756,-1.00543346907209,-0.91265104227375,-2.22906125571611
2017-08-01,-0.208736436975174,-0.260509802110203,0.175639040813443,-1.39247034553893
2017-09-01,1.72082403042213,1.08908650900869,-1.0015063086799,2.79000144279326
2017-10-01,2.45466789372398,3.54377344561926,2.36603296139959,4.18282305465389
2017-11-01,0.27352302023845,1.33223525158437,-0.891694125607007,1.24623183280287
2017-12-01,2.67033815613468,0.420463426667801,0.686311268432775,-0.144712985911281
2018-01-01,4.36672496414429,1.0557947591635,2.70958183735303,1.93230277185498
2018-02-01,-3.82640657755972,-5.15055594141257,-5.71010134744411,-5.76709373774349
2018-03-01,-1.17783903728688,0.343966842322184,-2.30612329276863,-1.97873853250783
2018-04-01,-0.576228759248211,-0.674144967968596,2.66090339800551,1.3251477300874
2018-05-01,0.768476584718694,3.85288818698593,5.62607270113876,2.63833353704318
2018-06-01,0.250563669297125,1.75452325799788,-0.386126003530816,-2.26429859480795
2018-07-01,0.783847962240102,1.05997262086042,-0.0766625788664398,-0.736279612191249
2018-08-01,1.4657083329742,-0.54366586648954,-0.610111540100335,-0.27530335975311
2018-09-01,0.807753818876269,-1.2472890011955,-2.8729495369774,-2.10124668108527
2018-10-01,-3.9609808113779,-4.1490856638816,-3.36965925661156,-5.05783461455562
2018-11-01,-1.60883527345414,-2.06374910108698,-1.34817984511765,-2.5274309496784
2018-12-01,-5.86356900347944,-4.42564712097199,-3.69133665018656,-5.57992391895039
2019-01-01,2.21683891619295,3.64293225404834,1.10427656464989,1.9095973195749
2019-02-01,5.44886241569743,5.40968798850749,4.2523181135945,2.66650530477229
2019-03-01,0.903868586312146,1.94143136848176,0.800859622907593,2.12180746561886
2019-04-01,2.32902299646931,2.216625153928,3.21976637018776,4.17275875336669
2019-05-01,-1.97903504244602,-0.949331365320806,-2.10555191735931,-1.72487026537889
2019-06-01,1.2904463395515,0.0134187558668684,1.09025474076058,-1.34172695668513
2019-07-01,2.70988326872509,1.14338191823251,2.58067321437309,1.95996266737777
2019-08-01,-4.16916750955505,-1.60455405027237,-4.64536827548205,-5.05697739585279
2019-09-01,2.93773912382496,2.63106702880262,1.68645074355252,4.63176121047558
2019-10-01,-0.33506506692839,-1.60732880031862,-1.34823325295937,1.71690768565357
2019-11-01,3.73800831989133,3.18341066302361,1.75966521078039,5.24496210020338
2019-12-01,2.09177285114531,0.641203261965769,1.03560945139918,0.658738384246472
2020-01-01,1.85565342480429,1.9584349896563,1.7899017163607,1.39436668877178
2020-02-01,-1.68948624994009,1.09240315451347,-3.22693759163301,-0.750417376637244
2020-03-01,-21.9401363376026,-21.6468863517536,-21.4886271185282,-24.5400156073875
2020-04-01,1.3399066950584,2.31639884190961,-0.0390115449791154,3.68387185733327
2020-05-01,3.7832203601893,5.79306327171458,3.78855853579924,5.91794667198616
2020-06-01,7.10863419870633,3.9597830130775,4.82667741014923,10.1261849456965
2020-07-01,1.70379872548208,2.86165902713542,-1.23738315961074,2.87310454908223
2020-08-01,4.81663488994513,4.02307476376689,-1.60246847921964,1.08611326609774
2020-09-01,-0.739784391939001,-1.9957113155105,-2.23316025462509,0.409311844461502
2020-10-01,1.44100851824999,0.0496490685563668,-1.37400745995709,-2.04003639672431
2020-11-01,5.57899046472053,3.08828961950496,6.34094905741957,1.6645302717866
2020-12-01,4.94832878244924,4.69612269762777,4.73890845042128,4.8698035632709
2021-01-01,3.15143797535299,1.60782434583197,2.60486911211665,3.45007841087297
2021-02-01,2.52614209996229,2.51990961022921,-1.54938254989399,1.49907360619844
2021-03-01,1.84198717484764,2.17681904034865,1.97491634477951,2.46100232326583
2021-04-01,3.67064408610556,2.69411284863562,2.86865894402249,4.26607064768476
2021-05-01,2.1429782206058,1.49346894382059,1.66865039718051,-0.973950323873437
2021-06-01,1.11474945745117,3.41000014398168,1.08211729251347,2.34039215686274
2021-07-01,-0.278888356561949,0.27468838979098,-0.701242708597502,-0.0582446890040112
2021-08-01,1.1776686481044,1.43498980922675,1.29575474308382,1.59959511686402
2021-09-01,-0.949385067593226,0.344077904947865,-1.03474600606531,-1.41742267574382
2021-10-01,1.11727627304893,1.14645274920159,1.38752852055463,-1.61389110063086
2021-11-01,1.96917179425171,3.26945197482124,1.41907635091459,3.0519500731472
2021-12-01,-1.62846421946146,-2.30662560152916,0.322791117669422,-2.64894661330515
2022-01-01,0.484364266691419,0.466325671688948,2.84322213547634,0.693442546656122
2022-02-01,-1.78801721017657,0.850193847999234,0.53352509462432,-4.23676588402045
2022-03-01,-1.49268225597869,1.90894371466968,-2.92737498374344,-7.96357669165674
2022-04-01,0.417232804760888,-0.124755736775565,3.35865631873879,0.0594322472381173
2022-05-01,-5.97394440701118,-5.59171416825004,-1.43641103576348,-4.32898920373152
2022-06-01,-3.24665933845012,-3.16872070778476,-2.05303069951194,-3.4000438244102
2022-07-01,-1.60464152951696,-4.14740475737085,-1.00179204594649,-5.25878038637481
2022-08-01,4.89590471817776,4.97446957800834,3.3297351158349,3.31205107741422
2022-09-01,-6.29956236082276,-3.61940071260568,-3.71718632808315,-6.36152954808806
